id,song_name,artist
0,If,Pa's Lam System
1,infinite:youniverse,かゆき
2,Immortal saga,Noah
3,Engraved Mark-Gow's ill! RMX-,Gowrock
4,3y3s (JMBS FUNKOT RMX),"Jockie ""MASTA BASS"" Suama"
5,Aragami,xi
6,Alice Maestera,Alstroemeria Records feat. nomico
7,斑鳩,豊田竜行
8,インビジブル(EXIT TUNES),kemu
9,インフルエンサー・イズ・デッド(EXIT TUNES),じーざす（ワンダフル☆オポチュニティ！）
10,裏表ラバーズ,wowaka
11,永遠に幸せになる方法、見つけました。(EXIT TUNES),うたたP
12,EDEN of TRUTH,Braflare(kanone&かぼちゃ)
13,Aurora(Latinized Style),mommy
14,オトゲラヴ！,ねこみりん feat.小宮真央×みゆ×えみゅう。
15,朧 (kamome sano remix),kamome sano feat. Kuroa*
16,{albus},かめりあ
17,いつかの夢、またねの約束。,TAKU1175 ft. 駄々子
18,#Endroll,uno & D.watt (IOSYS TRAX)
19,アルティメットトゥルース -Phantasm-,ふりらい feat. あにょ
20,Issen,tanso a.k.a. モリヤマサト
21,IKAROS DYNAMITE!!!!,BlackY
22,Emperor's Divide,にゃそ
23,ANTI THE∞HOLiC(EXIT TUNES),GAiA×cosMo＠暴走P
24,イブの時代っ！,日向美ビタースイーツ♪
25,Angelic Jelly,t+pazolite
26,eastward -sdvx edit-,ginkiha
27,Voynich:Manuscript,かゆき
28,akasha-assembly,溝口ゆうま from セブンスヘブンAmmy's
29,ウエンレラの氷華,Cororo
30,Everything but the Girl,発熱巫女～ず
31,Ok!! Hug Me,はるなば
32,或る春の日,豚乙女
33,ancient garden,Cororo
34,踊るフィーバーロボ,ダニエル&eimy と よしくん
35,Ultimate Ascension,かめりあ
36,I'm so happy(Happy Hoppin Remix),polysha
37,碧の疾風,君の美術館
38,UROBØROS,溝口ゆうま feat. 大瀬良あい
39,Apex of the World,uma&hurirai feat.ましろ
40,Endless GRAVITY,kanone
41,アキネイション,ビートまりお（COOL&CREATE）
42,archive::zip,kamome sano
43,Inixia,xi
44,Virtual Bit,KAN TAKAHIKO
45,ERROR CODE,C-Show
46,お嫁にしなさいっ！,ARM＋夕野ヨシミ (IOSYS)
47,Enigma,とろまる
48,MG277,eicaTV vs kanone
49,Ultimate Fury,Arch vs n3pu
50,アナーキーインザ夕景,ここなつ Produced by ぬゆり
51,End to end,Noah
52,EMPIRE OF FLAME,かめりあ
53,Aliquam,たちのん
54,Asian Chip City,提供
55,About me(EXIT TUNES),蝶々P
56,Angels And Demons,すのうまん
57,Oriental Blossom,影翔鼓舞
58,Warriors Aboot,RoughSketch vs MAD CHILD
59,Vampire's Territory,u-z
60,ECHO(EXIT TUNES),CIRCRUSH
61,eternita,cosMo＠暴走P
62,ΑΩ,BlackY
63,veRtrageS,Riz vs. Shiron
64,Witch in Sweetsland,COOKIE MONSTERS(winddrums+黒魔)
65,Ops:Code-Rapture-,Getty vs. DJ DiA
66,ΕΛΠΙΣ,dj TAKA
67,Opium and Purple haze,D.watt(OTAKU-ELITE Recordings)
68,Innocent Floor,P*Light
69,In The Breeze,96 & Sota ft. Mayumi Morinaga
70,INF-B《L-aste-R》,かねこちはる
71,あれこれそれどれ(EXIT TUNES),YM feat.赤飯
72,Innocent Eyes,FELT
73,EBONY & IVORY,OSTER project
74,ELECT(EXIT TUNES),niki
75,Our Faith (takdrive remix),takdrive
76,ON FIRE,ニシジマユーキ
77,妖隠し -あやかしかくし-,DJ TOTTO feat.3L
78,朝色の紙飛行機(EXIT TUNES),かめりあ
79,AYAKASHI,Hommarju
80,女言葉の消失,Sota Fujimori
81,Everlasting Message,ぺのれり
82,Invitation from Mr.C,C-Show
83,鬼天,兎々
84,INDEPENDENT SKY,SOUND HOLIC feat. Nana Takahashi
85,鬼KYOKAN(EXIT TUNES),じーざす（ワンダフル☆オポチュニティ！） feat. kradness×れをる
86,イグジスタンス(EXIT TUNES),スズム
87,F.K.S.,Nizikawa
88,Our Faith (Faithful MTL Remix),DOUBLE HELIX
89,I love you even now,nana(Sevencolors)
90,アルテミス,FILTER SYSTEM
91,VILE CAT,TAKU1175
92,Attack on Dwarf,unatra
93,werewolf howls.,かめりあ
94,Appliqué,モリモリあつし
95,Wish upon Twin Stars,xi
96,有頂天ビバーチェ(EXIT TUNES),Last Note.
97,朱と碧のランページ,NU-KO
98,INSECTICIDE,Camellia
99,御千手メディテーション,昇天家族
100,悪性ロリィタマキャヴェリズム(EXIT TUNES),かいりきベア
101,Wave of Craze,Shiron
102,Idola,iconoclasm feat.GUMI
103,憂恋☆アクティベーション,u-z
104,Unlimited Field,"Music by 上村香月, Vocal by Kuroa*"
105,WAVE WAVE WAVE,ZYTOKINE feat. itori
106,Innocent Tempest,Diceros Bicornis
107,odds and ends,MarcheИ
108,Arcadia,CHRIS (Sound Libero)
109,十六夜桜-Zakura-,u-z
110,嘘と接吻,yozaquar feat.ぁゅ
111,命のユースティティア(EXIT TUNES),Neru
112,WAVE(EXIT TUNES),niki feat.kradness
113,ウバワレ,TAKU1175
114,EOS -INFINITE EDIT-,ginkiha
115,Engraved Mark,Ryu☆ ∞ Des-ROW
116,イゴモヨス＝オムルのテーマによるブヨブヨ・スケッチの試み,日本楽音ノイズ協会
117,will o' the wisp,XIzE
118,おお われら喜び讃うべし、主よ,すのうまん
119,Erlung,削除
120,We Are The Scarlet (SDVX Edit),天音 (Rolling Contact)
121,"Electric ""Sister"" Bitch",t+pazolite
122,桜華月想-SDVX EDIT-,源屋 feat. 3L
123,赤より紅い夢-Aya2g Tech Dance Remix-,Ayatsugu_Otowa
124,Indomitable Spirit,Tracy feat.ほたる
125,INFINITY OVERDRIVE,DecisionS(kanone + nora2r)
126,8 -eight-,Tom-H@ck feat.Nadia
127,Over the Starlit sky,MUZIK SERVANT feat.CHERICa
128,ありふれたせかいせいふく(EXIT TUNES),ピノキオP
129,ウサテイ,あまね＋ビートまりお（COOL&CREATE）
130,愛くるしフール -Not EASY!!-,2ボス如きに負けるかぼちゃではなｙうわー
131,赤より紅い夢 -lucid dream Mix-,くるぶっこちゃん
132,Voice 2 Voice,MAD CHILD
133,L4TS,cittan* feat. kalon.&core*mc
134,INVITATION SiGN -SDVX Version-,signum/ii feat. irony
135,Venona,DOUBLE HELIX【たちのん&零-zero-】
136,音楽 -resolve-,Yu_Asahina
137,いーあるふぁんくらぶ(EXIT TUNES),みきとP
138,え？あぁ、そう。(EXIT TUNES),蝶々P
139,OVERDRIVERS,P*Light feat. mow*2
140,アルストロメリア KURO-HACO Remix,kuroburger
141,I'm so Happy,Ryu☆
142,VALLIS-NERIA,DJ YOSHITAKA
143,En FIRE-G SOUL,Yooh
144,音楽 -壊音楽 mix-,LeaF
145,Antinomie (SDVX EDIT),void(IOSYS) feat. 厚志(石鹸屋)
146,アノ華咲クヤ,幽閉サテライト with 岸田教団＆THE明星ロケッツ feat.ichigo & senya
147,UNLIMITED FIRE (DJ Amane Remix),DJ Amane
148,Vindicator,void (Mournfinale)
149,エピクロスの虹はもう見えない,SYNC.ART'S feat. 美里
150,仇返しシンドローム(EXIT TUNES),まふまふ feat.IA
151,Earthquake Super Shock - SDVX Edit. -,SOUND HOLIC feat. Nana Takahashi
152,一途な片思い、実らせたい小さな幸せ。(EXIT TUNES),うたたP feat. MAYU
153,泡沫、哀のまほろば,幽閉サテライト feat. senya
154,色は匂へど散りぬるを,幽閉サテライト feat. senya
155,Absurd Gaff,siromaru
156,EGG,ginkiha
157,éclair au chocolat,kamome sano
158,エスケープ・フロム・ディストピア(EXIT TUNES),cosMo＠暴走P feat. MAYU
159,Abyss (sharp stepp remix),borzy
160,明星ロケット,岸田教団＆THE明星ロケッツ
161,イカサマライフゲイム(EXIT TUNES),kemu feat. GUMI
162,天ノ弱(EXIT TUNES),164 feat. GUMI
163,Ignited Night burst,N-driver
164,Onigo,Hommarju
165,おにゃのこ　きねんび(EXIT TUNES),赤飯
166,RPGシンドローム,幽閉カタルシス
167,Vampire Killer scar-ed Pf rmx,fu_mou
168,ALBIDA Powerless Mix,無力P
169,It's over,ゆよゆっぺ feat.めらみぽっぷ
170,Iterator,yanagi
171,Evans VolteX Pf arrange,cosMo＠暴走P
172,ケムマキunderground,t+pazolite feat. リズナ
173,キュリオシティ,庭師
174,Candy Star,DJ Genki feat. yukacco
175,きゅん×きゅんばっきゅん☆LOVE,松下feat.Sota & wac
176,Quaint Echo,KLing(Aoi+Yunosuke)
177,極圏,cosMo VS dj TAKA
178,Clash of swords,Noah
179,cross the future,uma
180,Grand Chariot,xi
181,Completeness Under Incompleteness,"かめりあ as ""Reverse of Riot"""
182,ゲキツイムラサ,ビートまりお（COOL&CREATE）
183,Get back here,Hommarju
184,Critical Crystal(brz_remix),brz
185,crescent moon,FELT
186,GRISAILLE,SOUND HOLIC feat. Nana Takahashi
187,幻想郷DEMPASTICグリーティング,ARM(IOSYS) feat. 愛原千尋
188,GO BACK 2 YOUR RAVE,nora2r
189,カタルシスの月,日向美ビタースイーツ♪
190,黒髪乱れし修羅となりて～凛 edition～,日向美ビタースイーツ♪
191,虚空と光明のディスクール,日向美ビタースイーツ♪
192,Question.,Tracy feat.築山さえ
193,XROSS THE XOUL,BlackY vs. Yooh
194,響縁,豚乙女
195,KAC 2013 ULTIMATE MEDLEY -HISTORIA SOUND VOLTEX- Emperor Side,FLOOR LEGENDS -KAC 2013-
196,キズナ,東雲心菜 Produced by 上村香月
197,「ここなつ☆」は夢のカタチ,ここなつ Produced by A than_Lily
198,Candy Colored Hearts,はるなば
199,雲の彼方,Cororo
200,激アツ☆マジヤバ☆チアガール,日向美ビタースイーツ♪
201,Chloé,DJ Totoriott
202,XHAOS JUDGE,BlackYooh vs. siromaru
203,conflict,siromaru + cranky
204,コンフェイト＊コンチェルト,ここなつ Produced by U-ske
205,我楽多イノセンス(EXIT TUNES),Last Note.
206,CUTIE☆EX-DREAM,BlackY
207,君がいる場所へ,VALLEYSTONE feat. 紫崎 雪
208,交渉人・西行寺幽々子 vs スカーレット警察,七条レタスグループ starring nachi
209,月光乱舞,P*Light
210,continew,Verdammt
211,零れる夢のレミニセンス,borzy & 結月そら
212,crêpe suzette,kamome sano
213,Garakuta Doll Play,t+pazolite 「maimai」より
214,きたさいたま2000,LindaAI-CUE（BNGI）「太鼓の達人」より
215,Got more raves？,E.G.G.「グルーヴコースター」より
216,紅の剣舞,かねこちはる
217,気まぐれスターダム(EXIT TUNES),TOKOTOKO(西沢さんP) feat.りぶ
218,ギャラクシィ・トラベラー,U-ske feat.ななひら
219,Cold Inflation,kanone vs. Yooh
220,感情の魔天楼 ～ Arr.Demetori,Demetori
221,Crazy ∞ nighT(EXIT TUNES),ひとしずく×やま△
222,"gigadelic (かめりあ's ""The TERA"" RMX)",かめりあ
223,混乱少女♥そふらんちゃん!!,かめりあ feat. ななひら
224,KAC 2012 ULTIMATE MEDLEY -HISTORIA SOUND VOLTEX-,FLOOR LEGENDS -KAC 2012-
225,キモチコネクト,東雲心菜 meets 日向美ビタースイーツ♪
226,CRITICAL LINE(EXIT TUNES),Ryu☆ feat.kradness
227,Go↓Go↑Girls&Boys!,松下feat.Sota & wac
228,囲い無き世は一期の月影,豚乙女
229,君色サブリミナル(Arranged: Iceon),幽閉サテライト feat. senya
230,感情Xerography,8284 feat. 榎楠
231,きらきらタイム☆,さわわ
232,木彫り鯰と右肩ゾンビ(EXIT TUNES),赤飯
233,gigadelic(m3rkAb4# R3m!x),ikaruga_nex
234,鎖の少女(EXIT TUNES),のぼる↑
235,キミヱゴサーチ,ここなつ
236,Growth Memories,Hidra-Xjeil
237,CODE -CRiMSON-,Shiron
238,gigadelic -stance xxxx-,Hate
239,コミカルなミシャグジとラジエーション(PUNK IT ver.),void & ARM feat. ななひら & ちよこ
240,KHAMEN BREAK,くふおー
241,Cleopatrysm,ピラミッ℃
242,キリトリセン(EXIT TUNES),40mP
243,幻想浄瑠璃-Aya2g Tech Dance Remix-,Ayatsugu_Otowa
244,幻想系世界修復少女(EXIT TUNES),Last Note.
245,Get out of my sight,void(IOSYS) feat. 厚志(石鹸屋)&周平(Silently Shooting Traitors)
246,カレクレンマ,"Music by アサヒナユウ, Vocal by みかん汁"
247,患部で止まってすぐ溶ける ～ 狂気の優曇華院,ARM(IOSYS)
248,KiLLeR MeRMaiD,QURELESS
249,群青硝子のスピカ,unatra / カラクサ
250,神となり彼が見た境界線,上村香月
251,crazy cinema story,黒魔
252,ゴーイング マイ ウェイ！,8284 feat. みかん汁
253,きょうもハレバレ(EXIT TUNES),ふわりP feat. GUMI's
254,君と僕とその空白と(EXIT TUNES),のぼる↑ feat.GUMI
255,絢爛創世絵巻物,ke-ji
256,"コンベア速度Max!? しゃいにん☆廻転ズシ""Sushi&Peace""",かめりあ feat. ななひら
257,クノイチでも恋がしたい(EXIT TUNES),みきとP feat. 松下
258,Catadioptric,Jerico
259,Crack Traxxxx,Lite Show Magic (t+pazolite vs C-Show)
260,XROSS INFECTION,BlackY vs. Yooh
261,Quietus Ray,xi
262,恋はどう？モロ◎波動OK☆方程式!!,あべにゅうぷろじぇくと feat.佐倉紗織 produced by ave
263,GEROL,Hommarju
264,C18H27NO3,Team Grimoire
265,カラルの月 Verdammt Remix,Verdammt
266,こちら、幸福安心委員会です。(EXIT TUNES),うたたP
267,Qubism,Hate vs Brilliance
268,Keep Going!,REDALiCE feat. 野宮あゆみ
269,神々の祈り,舞風-MAIKAZE/沙紗飛鳥
270,Goodbye-bye Planet,黒魔
271,げきオコスティックファイナリアリティぷんぷんマスタースパーク,ARM(IOSYS) feat.ビートまりお(COOL&CREATE)
272,concon (picom'n'bass rmx),kamome sano
273,孤独の番人(EXIT TUNES),SCL Project（natsuP）feat. MAYU
274,過食性:アイドル症候群(EXIT TUNES),スズム feat.GUMI＆MAYU
275,ケッペキショウ(EXIT TUNES),すこっぷ feat.GUMI
276,金縛りの逢を,はるなば
277,境界インサニティー,Toma+o
278,究極焼肉レストラン！お燐の地獄亭！,ARM(IOSYS)
279,ケロ⑨destiny,Silver Forest feat. めらみぽっぷ
280,croiX,TeamGrimoire+あま猫
281,Gott,Hommarju
282,カミサマネジマキ(EXIT TUNES),kemu feat. GUMI
283,腐れ外道とチョコレゐト(EXIT TUNES),ピノキオP
284,幻想のサテライト,豚乙女
285,Grip & Break down !! - SDVX Edit. -,SOUND HOLIC feat. Nana Takahashi
286,Ganymede kamome mix,kamome sano
287,GAMBOL (dfk SLC rmx),D.F.K.Soundsystem
288,Clione Hommarju Remix,Hommarju
289,caramel ribbon,P*Light
290,君にエールを・・・！ （DJ UTO REMIX）(EXIT TUNES),Mayumi Morinaga
291,恋する☆宇宙戦争っ！！ あばばばみっくす,ARM (IOSYS)
292,カーニバル(EXIT TUNES),otetsu feat.灯油
293,キミノメヲ(EXIT TUNES),そらる
294,cloud,EZFG
295,ガッテンだ!! Novoiski Remix,ノボイスキ
296,good high school,baker
297,「月風魔伝」龍骨鬼戦 yks Remix,yuukiss
298,ごりらがいるんだ,ピノキオP
299,ごりらがいるんだ 〜かぼちゃが歌ってみたver〜,ピノキオP feat.かぼちゃ
300,Sakura Mirage -Drum'n World-,Kairys
301,準備運動,すのうまん
302,JUGGLE,Ras
303,JULIAN,Queen P.A.L.
304,水槽のクジラ,テヅカ feat. 大西あみみ
305,starmine (nora2r Remix),nora2r
306,Second Heaven GravityPfArrange,cosMo＠暴走P
307,千本桜,黒うさP feat.初音ミク
308,零の位相,kradness
309,Solar Storm,xi「グルーヴコースター 3 リンクフィーバー」より
310,Zero-Day Exploit,Trerey-U
311,シアワセうさぎ,あまね＋ビートまりお（COOL&CREATE）
312,JOMANDA,DJ YOSHITAKA
313,ジャンピン・スマイル,梅干茶漬け
314,Spice Road,C-CLAYS feat.小峠舞
315,GEOMETRIA,Shiron
316,絶対零度,かねこちはる
317,Shirogane,nmk vs b-UMB feat.青砥 雫 a.k.a. ℃iel
318,そして紫の幻想曲は全てを受け入れる,黄泉路テヂーモ×dawn-system
319,０=Xerostrumental=(EXIT TUNES),cosMo＠暴走P
320,StrayedCatz,削除
321,Sephirot,SHIKI
322,ZEPHYRANTHES,TAG
323,The End of War,たちのん as Project Mayhem
324,Celestial stinger,Noah
325,善悪の頂にある真実,幽閉サテライト feat. senya
326,Solitude & Nightmare,猫大樹
327,Smooth Wind,とろまる
328,仙酌絶唱のファンタジア,博麗神社例大祭コラボユニット
329,Sweet little Lily,奏瀬いちこ (Silver Forest)
330,雪月花 -さわわRemix-,さわわ
331,双星ルミネセンス,一舞 ＆ 夏陽
332,侍Annihilate!!,QURELESS
333,CENSORED!!,t+pazolite
334,墨染 ft. ネコメアリ,Iceon(Frost Fragment)
335,The star in eclipse,しーけー
336,水月鏡花のコノテーション,日向美ビタースイーツ♪
337,S1CK_F41RY,HOUJIROU
338,She is my wife,SUPER STAR 満-MITSURU-
339,しゅわスパ大作戦☆ (カシオれ！くーにゃんリミックス),uno(IOSYS) feat.miko
340,JEHANNEDARC,BlackY
341,spectroscape,kuroburger
342,漆黒のスペシャルプリンセスサンデー,日向美ビタースイーツ♪
343,Stleq,ぬゆり
344,千客万来☆無問題！,ここなつ Produced by uma
345,The setting sun,DJ YASETAKA
346,Seraphim,Yooh
347,ショットガン・ラヴァーズ(EXIT TUNES),のぼる↑ feat. 松下
348,じゅーじゅー♥焼肉の火からフェニックス！？～再誕の†炭火焼き～,かめりあ feat. ななひら
349,Shiawase Transmission,you
350,双翼 - Black Wings - SDVX Edit. -,SOUND HOLIC feat. 709sec. & YURiCa
351,Shanghai Wu Long ～上海舞龍～,Hommarju
352,Sourire,とろまる
353,Starlight Dance Floor,発熱巫女～ず
354,深海シティアンダーグラウンド(EXIT TUNES),田中B
355,消失(EXIT TUNES),cosMo＠暴走P
356,XyHATTE(EXIT TUNES),cosMo＠暴走Ultimate
357,citrus,kamome sano
358,灼熱Beach Side Bunny,DJ Mass MAD Izm*
359,シャ ビ ドゥ 素敵な恋の魔法,ARM feat. ちよこ(IOSYS)
360,Sounds Of Summer,Hommarju
361,The Wind of Gold(飛翔鳶 Remix),飛翔鳶交響楽団
362,好きトキメキとキス,かねこちはる feat. はぁち
363,シリョクケンサ(EXIT TUNES),40mP
364,The willow and snow,saminun
365,千年ノ理,猫叉Master
366,Scarlet Moon,REDALiCE feat. Ayumi Nomiya
367,Struggle,Masayoshi Minoshima(ALR)
368,Sayonara Planet Wars,黒魔
369,Chant du Cygne,ke-ji
370,Just Be Friends(EXIT TUNES),Dixie Flatline
371,Scream out! (SDVX EDIT),A-One
372,瞬間ドリップ♪秘蜜のケーキセット,そよもぎ
373,The Sampling Paradise (P*Light Remix),P*Light
374,心臓デモクラシー(EXIT TUNES),みきとP
375,幸せになれる隠しコマンドがあるらしい(EXIT TUNES),うたたP feat. 結月ゆかり
376,Scarlet Pinheel,ぺのれり
377,THUNDERCRACK,IRON ATTACK!
378,The Starry true,Liz Triangle
379,最速最高シャッターガール,ビートまりお（COOL&CREATE）
380,The Wind of Gold -HΔPPY MIX-,sky_delta
381,しゅわスパ大作戦☆ - SDVX Edit. -,SOUND HOLIC feat. Nana Takahashi
382,Jump!,Syrufit feat.綾倉盟 / 市松椿
383,SkyDrive!,Amateras Records feat.築山さえ
384,The Sampling Paradise (N-Driver Style),N-Driver
385,shiny rainbow flower,C-YA
386,Scene(EXIT TUNES),ジミーサムＰ
387,しんでしまうとはなさけない！(EXIT TUNES),ワンダフル☆オポチュニティ！
388,白い雪のプリンセスは(EXIT TUNES),のぼる↑
389,最果てのコトバ,幽閉サテライト (Arranged:Iceon) feat. senya
390,The Wind of Gold (folkcore remix),borzy
391,sweet dream,平茸＋夕野ヨシミ＋山本椛
392,City Edge,winddrums
393,Strobe♡Girl,colate
394,second spring storm,Spacelectro
395,SPARKING 2012,IRON ATTACK!
396,ゼンマイ恋時計（T.E.B Summer Mix),A-One
397,Sakura Mirage,Ryu☆
398,SPARKLING FANTASY,"Music by BlackY, Vocal by ぁゅ"
399,信仰は儚き人間の為に ～ Arr.Demetori,Demetori
400,終点(EXIT TUNES),cosMo＠暴走P
401,少女暴動(EXIT TUNES),Last Note.
402,進め！イッスン軍団 -Rebellion of the Dwarfs-,dawn-system
403,侵蝕コード：666　-今日ちょっと指（略-,かぼちゃ「黒幕はあやつぐ」と供述しており
404,snow motion,こふ
405,Squeeze,VENUS feat. Mutsuhiko Izumi
406,上海紅茶館 ～ Chinese Tea Orchid Remix,Yooh
407,Stella Sinistra,Akhuta Philharmonic Orchestra
408,choux à la crème,kamome sano
409,shiningray(EXIT TUNES),164 feat.GUMI
410,Shadows in the Light,Sta
411,最終鬼畜妹フランドール・S,ビートまりお（COOL&CREATE）
412,Shiny Up!,C-CLAYS
413,snow storm -euphoria-,Yooh
414,曾根崎心中(EXIT TUNES),デッドボールP
415,Starlight Vision,矢鴇つかさ feat. 三澤秋 (SoundOnline)
416,Smile,Hommarju feat. 実谷なな
417,Silver Impact,Arch
418,少年は空を辿る Prog Piano Remix,とろまる
419,獣性オーバーフロウ,PROCYON KNIGHTS PROJECT
420,Sakura Reflection 音頭 -盆踊Remix-,源屋
421,Survival Games (Hommarju Remix),Hommarju
422,サヨナラデイズ,七誌
423,Joyeuse,ke-ji
424,skyful of stars-SDVX EDIT-,nmk feat.日向ももこ
425,HΨ=世界創造=EΨ(EXIT TUNES),"黒猫アンティーク feat.IA,GUMI"
426,隅田川夏恋歌 (I/O Angel mix),Daisuke Ohnuma(大福P)
427,サリシノハラ(EXIT TUNES),みきとP
428,サンドリヨン(EXIT TUNES),Dios/シグナルP
429,Sakura Reflection (P*Light Slayer Remix),P*Light
430,She is my wife すーぱーアイドル☆ミツル子Remixちゃん,高井さんとuno(IOSYS)
431,十面相（フリーダムver.）(EXIT TUNES),YM feat.__(アンダーバー）
432,GIGI BABA,ヒゲドライバー
433,自由のための不自由,上村香月
434,SCAPEGOAT BOY - SDVX Edit. -,SOUND HOLIC feat. Nana Takahashi
435,Starlight Express,ginkiha
436,青春☆してるかい？READY&LADY!,LV.4 feat.みゆ
437,星霜輪廻～Repeat～,EastNewSound feat. 茶太
438,蒼空に舞え、墨染の桜,さゆり (Silver Forest)
439,Strawberry Crisis,CROW'SCLAW
440,The world of sound,"Music by Ryuwitty, Vocal by Kuroa*"
441,STARDUST MERMAID,"Music by MasKaleido, Vocal by ぁゅ"
442,ずっとそばにいさせてよね！,"Music by 音遊人 -mu-jin-, Vocal by みかん汁"
443,センチメント,uno(IOSYS)
444,Silent Story,発熱巫女～ず
445,線香花火 SDVX edit,kamome sano
446,十面相(EXIT TUNES),YM feat. GUMI
447,人生リセットボタン(EXIT TUNES),kemu feat. GUMI
448,Soundscape,Hommarju
449,再教育(EXIT TUNES),Neru
450,セツナトリップ(EXIT TUNES),Last Note. feat. GUMI
451,SEED (DJ Noriken Remix),DJ Noriken
452,サヨナラ・ヘヴン （かめりあ's NEKOMATAelectroRMX）,かめりあ
453,Space Diver Tama,黒魔
454,SOUL EXPLOSION,kanone
455,ソラヘドライブ(EXIT TUNES),ぐるたみん
456,世界はネコのもの,Nem
457,サイコパスコミュニケーション,ゆちゃP
458,Second Heaven Lamaze-REMIX,ラマーズP
459,Xepher Light and Darkness Dragon REMIX,デッドボールP
460,jet coaster☆girl sasakure.UK tRiCkStAr Remix,sasakure.UK feat. mirto
461,dilemma,豚乙女
462,SurVALI,YM
463,smooooch・∀・ KN mix,KN
464,盗宝,猫大樹
465,デュアルメモリ,ここなつ
466,ドリームエンド・サバイバー,ぽんきち
467,Dharma,Massive New Krew
468,Chocolate Planet,Freezer feat.妃苺
469,Take to Lips,Sound CYCLONE feat.大瀬良あい&℃iel
470,トラウマ催眠少女さとり！,DJ SHARPNEL feat. 一ノ瀬月琉
471,TRICKL4SH 220,Lite Show Magic
472,Dreadnought,Mastermind(xi+nora2r)
473,東方妖々夢 ULTIMATE MEDLEY,uma vs. モリモリあつし
474,↓↓↓,庭師
475,DIABLOSIS::Nāga,sky_delta
476,Triple Counter,DJ YOSHITAKA meets dj TAKA
477,Death Blossom,REDALiCE feat. Ayumi Nomiya
478,Discover the Life,A-One
479,Time to Air -Fly High Remix-,xi
480,Deadly Dolly Dance,Shiron
481,鳥と桜と嘴と,マッカチン企画
482,Destroy,Yooh
483,断罪は遍く人間の元に,Unlucky Morpheus
484,弾幕注意報2014,東京アクティブNEETs
485,Din Don Dan (Fusion Remix),TAKU1175 feat.かなたん
486,Dualive(EXIT TUNES),Quarks(kradness×Camellia)
487,チルノとまりおのパーフェクトさんすう教室,ビートまりお（COOL&CREATE）
488,Demise Quartet,Shiron＋こふ×モリモリあつしと提供でお送りします。
489,ツインソウル～輪廻する旋律～,C-CLAYS feat.小峠舞
490,常夏！！クリスタライズ・シャーベット,Ayatsugu_Otowa
491,地方創生☆チクワクティクス,日向美ビタースイーツ♪
492,ダブルラリアット,アゴアニキ
493,twilight signal,XIzE
494,ドゥンガドゥンガ狂詩曲,かねこちはる + はぁち + 飛鳥男
495,ちぇいす いん ざ さんしゃいん！！！,ぺのれり
496,ドーパミン,U1 overground
497,Treasure,発熱巫女～ず
498,ちくわパフェだよ☆ＣＫＰ,日向美ビタースイーツ♪
499,都会征服Girls☆,日向美ビタースイーツ♪
500,TOXIC VIBRATION,SOUND HOLIC Vs. T.Kakuta feat. YURiCa
501,Twin Blaster,polysha+tcheb
502,disco KAWAii,uno feat.ちよこ(IOSYS)
503,時計仕掛けのメリーゴーランド,餡若feat.みゅい
504,Discloze,lapix
505,竹取飛翔 ～ Lunatic Princess (Ryu☆Remix),Ryu☆
506,取り残された美術(Arranged:HiZuMi),幽閉サテライト feat. senya
507,到達してしまった僕らと夢と希望の最之果,Ayatsugu_Otowa
508,tricky trick,kamome sano
509,2 MINUTES FIGHTERS,P*Light
510,TIEFSEE,SOUND HOLIC Vs. dj TAKA feat. YURiCa
511,ツーマンライブ,東雲夏陽 meets 日向美ビタースイーツ♪
512,脱獄(EXIT TUNES),Neru feat.灯油
513,ツギハギスタッカート(EXIT TUNES),とあ
514,Twin Rocket,uno feat.ちよこ(IOSYS)
515,TU-MA-MI△ALL-NIGHTER,xi underground
516,月見夜ラビット(EXIT TUNES),蝶々P
517,トリコロール・ダイアリー,梅干茶漬け
518,断片Story,Salk2d
519,打打打打打打打打打打,ヒゲドライバー join. SELEN
520,ドキドキ☆流星トラップガール!!,流星トラップボーイズ
521,ってゐ！ ～えいえんてゐVer～,石鹸屋
522,竹取飛翔,岸田教団＆THE明星ロケッツ
523,超爽快☆パッショネイト・フィーバー,Ayatsugu_Otowa
524,デッドボヲルdeホームラン,猫叉Masterβ2
525,轟け！恋のビーンボール！！,ダイナミック野球兄弟 v.s. クロスファイヤーPrim
526,超越してしまった彼女と其を生み落した理由,Ayatsugu_Otowa
527,take a step forward,uma
528,TrailBlazer,cold kiss
529,タイムマシン(EXIT TUNES),1640mP
530,Decretum,Project Mayhem
531,Dignity,Yooh
532,Devotion,void (Mournfinale)
533,True Blue,dj TAKA feat.AiMEE
534,Demetel,ETIA.
535,トラウィスカルパンテクートリ,Noah
536,- dirty rouge -,ぺのれり
537,Double Universe,Hommarju vs P*Light
538,Dawn of Asia,ginkiha+kamome sano
539,Darkness Pleasure,Hull feat.℃iel
540,DEADLOCK XXX,BlackY
541,太陽はやめて！ぼくらのスカーレット警察,七条レタスグループ starring ココ
542,Daily Lunch Special ～DeliciousREMIX～,提供
543,デストロイマーチ,桜華
544,Cirno Break,さわわ
545,つぶやき魔法少女りむる,DJ SHARPNEL feat. みらい
546,トリノコシティ(EXIT TUNES),40mP
547,天狗の落とし文 feat. ｙｔｒ,魂音泉
548,Two Fates,発熱巫女～ず
549,届け！シューティングスター☆,Noriyuki
550,Tomato Leaf Breaks,millstones
551,Diffused Reflection,ニシジマユーキ
552,Daily Lunch Special (tpz Overcute Remix),t+pazolite
553,DELETED MOTION,たちのん
554,トーキョープレジャーグラウンド(EXIT TUNES),灯油
555,東方妖々夢 ～the maximum moving about～,石鹸屋
556,dream control,C-YA
557,ドロボウナイトトリック(EXIT TUNES),ゆちゃP feat.GUMI
558,超恋愛☆エクストリーム・ガール,"Music by Ayatsugu_Otowa, Vocal by みゅい"
559,draw!!!!,"Music by PHQUASE, Vocal by ぁゅ"
560,Disagree Feelings,uno(IOSYS)
561,true feeling？～本当の気持ち♪～,shin
562,DesireDrive,岸田教団＆THE明星ロケッツ
563,Dynasty,Yooh
564,大宇宙ステージ,黒魔
565,TRIGGER★HAPPY,P*Light
566,チェックメイト(EXIT TUNES),ゆちゃP feat. GUMI
567,地球最後の告白を(EXIT TUNES),kemu feat. GUMI
568,ディストピア・ジパング(EXIT TUNES),cosMo＠暴走P feat. GUMI
569,AA BlackY mix,BlackY
570,Tomorrow Perfume (tpz Despair Remix),t+pazolite
571,Tomorrow Perfume (C-Show Remix),C-Show
572,月に叢雲華に風,幽閉サテライト feat. senya
573,taboo tears you up 2008,REDALiCE
574,チルノのパーフェクトさんすう教室,ARM(IOSYS)
575,dreamin' feat.Ryu☆(EXIT TUNES),Mayumi Morinaga  (moimoi)
576,Distorted Floor,RoughSketch
577,.59 -BOOTH BOOST REMIX-,IDEA+RHYTHM
578,突撃!ガラスのニーソ姫! D.watt nu-denpa RMX,D.watt(IOSYS)
579,TYCOON,SOUND HOLIC feat. Nana Takahashi
580,Diamond Dust Black Diamond Dust,azuma
581,遠く Dexholic Mix,Dixie Flatline feat.祭屋
582,とある少年の一日,蝶々P
583,Noisy Minority,DJ Grimoire
584,New Game feat.Mayumi Morinaga,The 4th
585,Nostalgia,矢鴇つかさ feat. 三澤秋
586,ネコクマウササー,溝口ゆうま feat. みこ♡なち♡あい
587,NEO TREASON,lapix
588,Never Let It End,FELT
589,NECRO PARTY,VALLEYSTONE vs udouddo
590,人形裁判 -THIRD IMPACT-,激戦の人
591,Never Fails,lapix
592,NEO GRAVITY,lapix
593,neko＊neko,日向美ビタースイーツ♪
594,Never Ending,syzfonics
595,Nofram,unatra
596,夏色DIARY -Summer Dazzlin' Vacation miX-,猫叉王子 feat. PHQUASE vs. MAD CHILD
597,ネメシス SDVX Edit,Larca
598,New Days,10calorie
599,NEON WORLD,SOUND HOLIC feat. Nana Takahashi
600,ナイフ(EXIT TUNES),パワーコードP
601,Never Regret Anything,影虎。
602,ナキムシロボ(EXIT TUNES),ラムネ(村人P)
603,NEXT BILLIONAIRE,SOUND HOLIC feat. Nana Takahashi
604,流れ星と君の歌,"Music by 沙野カモメ, Vocal by SOPHY"
605,IX,dj TAKA VS DJ TOTTO feat.藍
606,ネトゲ廃人シュプレヒコール(EXIT TUNES),さつき が てんこもり
607,Next infection,Sanaas
608,七色のウタ,"Music by 上村香月, Vocal by みゅい"
609,ナツノメイロ,stereoberry
610,ナイト・オブ・ナイツ,ビートまりお（COOL&CREATE）
611,ノイジーラバーソウル(EXIT TUNES),Last Note. feat. GUMI
612,Nyan Cat(EXIT TUNES),daniwellP feat. 桃音モモ
613,neu BSP style,cosMo＠暴走P
614,ナナイロ,otetsu
615,西日暮里の踊り,家の裏でマンボウが死んでるP
616,Fin.ArcDeaR,MisoilePunch♪ ～タケノコ添え～
617,HE4VEN ～天国へようこそ～,カモメサノエレクトリックオーケストラ
618,fancy cake!!,あるふぁ
619,HiGHER,REDALiCE
620,Four Leaves,Endorfin.
621,Heavenly Adventure,Soleily
622,HEAVENLY SMILE,VALLEYSTONE feat. 紫崎 雪
623,bass 2 bass [Tracy vs. Astronomical Remix],Tracy vs. Astronomical
624,Poppin' Shower,P*Light
625,ヒミツダイヤル,ここなつ
626,Phantom dinning tonight!,Tomoya feat. 黒崎朔夜
627,Prayer,ぺのれり
628,バイナリスター,ここなつ
629,Fabula Nova,unatra
630,Halcyon,xi
631,FLügeL《Λrp:ΣggyØ》,かねこちはる
632,B.B.K.K.B.K.K.,nora2r
633,Paradission,BlackY
634,花ノ下連歌,Jan★Key
635,ハイスピヰド・ランパンシヰ,はがね
636,"Help me, ERINNNNNN!! -VENUS mix-",VENUS
637,"Help me, ERINNNNNN!! -Cranky remix-",ビートまりお × Cranky
638,ブチアゲドクター☆ハイテッコ三姉妹,溝口ゆうま feat. みこ♡なち♡あい
639,Prominence,矢鴇つかさ feat. 佳織みちる
640,爆なな☆てすとロイヤー,ARM feat.ななひら
641,滅びに至るエランプシス,日向美ビタースイーツ♪
642,Parousia,xi
643,Phantom Ensemble (ゆんゆん Remix),ゆんゆん
644,Fox4-Raize-,Getty vs. DJ DiA
645,Follow Up,あるふぁ
646,"Help me, ERINNNNNN!! - SH Style -",SOUND HOLIC feat. Nana Takahashi
647,"Help me, CODYYYYYY!!",SOUND HOLIC feat. Nana Takahashi
648,伐折羅-vajra-,DJ TOTTO VS 兎々
649,Finally Dive,ここなつ Produced by lapix
650,VOLTEXES,Sota Fujimori
651,VOLTEXES II,Sota Fujimori
652,VOLTEXES III,Sota Fujimori
653,フラッター現象の顛末と単一指向性の感情論,日向美ビタースイーツ♪
654,ハッピーシンセサイザ,EasyPop
655,Backflow,lapix
656,Beyond the Sandstorm,JourneyCat
657,Pieces of a Dream,uma vs. モリモリあつし
658,Pet Peeve,Hirayasu Matsudo
659,FAKE STYLE II,FAKE TYPE.
660,Blacksphere,s-don as Iriss
661,HAELE III ‾Angel Worlds‾,Yu_Asahina ft. Ritsuka
662,星の器 feat. らっぷびと,魂音泉
663,FLOWER,DJ YOSHITAKA 「jubeat」より
664,ホーンテッド★メイドランチ,日向美ビタースイーツ♪
665,ハナビラ:リンクス,かゆき＆yoa feat.もちこまめ
666,Firestorm,ETIA.
667,暴走(EXIT TUNES),cosMo＠暴走P
668,Blastix Riotz,"かめりあ as ""Bang Riot"""
669,Preserved Valkyria,ぺのれり
670,BOUNCE BOUNCE BOUNCE,ZYTOKINE feat. itori
671,Princessどうかお願い!!,20文字と言う字数制限に挑み続けるかぼち
672,Pon-Pon-Pompoko Dai-Sen-Saw!,黒魔
673,パ→ピ→プ→Yeah!,ヒゲドライバー join. shully & Nimo
674,Happy Sensation,IckPo
675,Virtual Sunrise (nana's Festival EDM Remix) feat. Kanae Asaba,nana(Sevencolors)
676,ほおずき程度には赤い頭髪,Akhuta
677,HAVOX,BlackY vs. Yooh
678,BEAT-NEW-WORLD,ビートまりお（COOL&CREATE）
679,プレインエイジア -PHQ remix-,PHQUASE
680,ホメ猫☆センセーション,P*Light feat. mow*2
681,Poison Blood,udouddo
682,Paranoia,DiGiTAL WiNG feat. 花たん
683,FIRE FIREは電気スウィングの夢を見るか？,millstones
684,Borealis,ginkiha
685,Pure Evil (Kobaryo FTN-Remix),Kobaryo
686,False Cross,BlackY
687,Prelude-Hereafter-,源屋
688,Hustle Beat!!,とろまる
689,ポメグラネイト,ここなつ
690,Hyper☆Chipspace,Saiph
691,Virtual Sunrise (MYTK Remix),MYTK
692,Violet Soul,Soleily
693,飛花落葉(EXIT TUNES),なつめ千秋
694,Pieces,発熱巫女～ず
695,FIRE FIRE(Kazmasa Remix),Kazmasa
696,Find the Answer,みゅー feat. ゆいこんぬ
697,bloom,Gowrock
698,Belly Flopper,O2i3
699,星屑ユートピア(EXIT TUNES),otetsu
700,ぼくらしかしらない,ぬゆり
701,Virtual Sunrise (xac remix),xac
702,Pure Evil-Aya2g Drm'n Tech Rmx-,Ayatsugu_Otowa
703,始まりへと続く帰り道,たちのん
704,further the future,上村香月
705,Pristine Bigband,Y*Quartet project
706,ハウトゥー世界征服(EXIT TUNES),Neru
707,はわわｗ！な展開っ！,かねこちはる feat. 紫崎 雪
708,僕は空気が嫁ない(EXIT TUNES),cosMo＠暴走P
709,FIRE FIRE -DARK BLAZE REMIX-,Yooh
710,Flying!,Tracy feat.築山さえ
711,ぼくらのタイムカプセル(EXIT TUNES),ラムネ(村人P)
712,バンブーソード・ガール(EXIT TUNES),cosMo＠暴走P
713,Baby Sherry,ぺのれり
714,#FairyJoke #SDVX_Edit,uno(IOSYS)
715,Phantasm Brigade,Silver Forest
716,冬に桜が咲くようなキセキ。,"Music by nmk/佐原誠&kei_iwata, Vocal by SOPHY"
717,Frantic Wolf,Jerico
718,ボルテ体操第一,Kaoru feat.FG75
719,ぱられる,"Music by akira asano feat.Tia, Vocal by みゅい"
720,はなむけ,ふる
721,Harpuia,BlackY
722,Virtual Sunrise,kors k
723,Pure Evil,kors k
724,Black Emperor,黒魔
725,Hoshizora Illumination,you
726,FLYING OUT TO THE SKY,かめりあ
727,Fiat Lux,xi
728,茅蜩モラトリアム(EXIT TUNES),TOTAL OBJECTION feat.GUMI
729,Future MUSiC,Ym1024 feat. lamie*
730,Verse IV,ZOGRAPHOS (Yu_Asahina+Yamajet)
731,Profession,syzfonics
732,Bangin' Burst,かめりあ
733,For UltraPlayers,cosMo＠暴走P
734,BLACK or WHITE?,BlackYooh vs. siromaru
735,Hellfire,Hommarju
736,HYENA,Hommarju
737,PUNISHER,TAG×PON
738,BUBBLE RAVER,P*Light
739,Paradoxy,lapix
740,放課後ストライド(EXIT TUNES),Last Note.
741,Hail Storm,FELT
742,ハローラフター(EXIT TUNES),Last Note.
743,VERSUS!!,しけもく
744,Booths of Fighters,"RoughSketch + DD""ナカタ""Metal"
745,Playing With Fire,kors k
746,#Fairy_dancing_in_lake,uno(IOSYS)
747,HAPPY HEART BEAT,ヒゲドライバー
748,華陽炎-Hana Kagerou-,源屋 feat.Kuroa*
749,BabeL ～Next Story～,Power Of Nature
750,HAELEQUIN,orangentle / Yu_Asahina
751,Bad ∞ End ∞ Night(EXIT TUNES),ひとしずく×やま△
752,honey trap,そよもぎ
753,Party Stream !!,DJ Amane
754,Power of Battle (SDVX EDIT),RoughSketch vs REDALiCE feat.イザベル
755,Fly to Next World (syzfonics Remix),syzfonics
756,非公開日誌(EXIT TUNES),みきとP feat.GUMI
757,ファンタジースター(EXIT TUNES),ぐるたみん
758,Foolish Hero,lapix
759,Brain Power,ノマ
760,秘封倶楽部の未踏世界,君の美術館
761,Wheel,Syrufit feat.綾倉盟 / 市松椿
762,Hello world!,"Music by 源屋, Vocal by SOPHY"
763,僕たちは此処にいる,でもたまに居場所とか見失うかぼちゃ
764,BlueSky,Noriyuki
765,灰色の空想をつかんで,じろうす
766,"Help me, ERINNNNNN!!",ビートまりお（COOL&CREATE）
767,PANIC HOLIC,C-Show
768,VISION,nora2r
769,V.I.P.,ismK
770,pandora (Maozon Remix),Maozon
771,Freeway Shuffle -More2 HAPPY Re-Mix-,Yu_Asahina
772,Blue Rain Dustboxxxx RMX,Dustboxxxx
773,Bad Apple!! feat. nomico,Masayoshi Minoshima
774,ハートブレイク・ヘッドライン(EXIT TUNES),40mP feat. GUMI
775,Black Board(EXIT TUNES),蝶々P
776,ポーカーフェイス(EXIT TUNES),ゆちゃP feat. GUMI
777,Fire Strike,Junk
778,freaky freak,kamome sano
779,香港功夫大旋風,Daisuke Ohnuma
780,春色ポートレート(EXIT TUNES),しゃむおん
781,不思議玩具ガンガラディンドン,マチゲリータ
782,FLOWER REDALiCE Remix,REDALiCE
783,Ha･lle･lu･jah,SOUND HOLIC feat. Nana Takahashi
784,バタフライキャット,daniwell
785,PULSE LASER,ヒゲドライバー
786,ヒマワリ MUZIK SERVANT Remix,MUZIK SERVANT
787,ふしぎなくすり いっきのみっくす,ゆうゆ
788,Broken 8cmix,iroha(sasaki)
789,Make Magic,Lite Show Magic
790,焔 -MAGMA-,SOUND HOLIC feat. Nana Takahashi
791,Metamorphobia,winddrums
792,MAGATORO,上村香月
793,MERRiESTxHOLiC,miko♡nachi feat.u-z
794,Mermaid girl (Tropical Remix),Hyuji feat. LIQU@。
795,Mind Mapping (hard liquid remix),borzy
796,モラトリアムノオト,東雲夏陽 Produced by シンゴ（マッカチン企画）＆アラ
797,冥天・ヘメロカリス,u-z
798,ムラサキグルマ,ここなつ Produced by はるなば
799,Mayohiga Spurt,さわわ
800,みくみくにしてあげる♪【してやんよ】,ika
801,メランコリック,Junky
802,三つ数えろ,豚乙女
803,マサカリブレイド,REDALiCE
804,めうめうぺったんたん！！,日向美ビタースイーツ♪
805,滅亡天使 † にこきゅっぴん,日向美ビタースイーツ♪
806,My name is TSUMABUKI,KO3
807,Monkey Business(Band Edit.),daph
808,無双,SOUND HOLIC Vs. VENUS feat. Nana Takahashi
809,Milkyway - memorable -,こふ
810,Monkey Business -Satire mix-,LeaF
811,M.A.Y.U.(EXIT TUNES),Ryu☆ feat.MAYU
812,無気力クーデター(EXIT TUNES),Last Note.
813,macaron,colate
814,メイガスナイト ～ Arr.Demetori,Demetori
815,MEGANE(EXIT TUNES),Ultra-Noob
816,物凄い狂っとるフランちゃんが物凄いうた,Halozy feat. ななひら
817,Mist Tek,you
818,Monkey Business (lapix Remix),lapix
819,ミライプリズム,ここなつ
820,マスパでシュッ☆メイドウィッチまりさちゃん,ARM(IOSYS) feat. 桃井はるこ
821,Mami Mami Zone,REDALiCE feat. 野宮あゆみ
822,mon$tage,"Music by Hommarju, Vocal by かぼちゃ"
823,Mist In Hell,LUNA
824,マインド・ゲーム,96 with メカショッチョー
825,ムーニャポヨポヨスッポコニャーゴ,全日本スッポコニャーゴ親衛隊
826,マネマネサイコトロピック(EXIT TUNES),かいりきベア
827,魔法少女達の百年祭(masty core remix),masty
828,モモンが門番ばんっ☆,ねこみりん feat.みゆ
829,迷妄少年と小世界(EXIT TUNES),164 feat. GUMI
830,殯,かねこちはる
831,ませまてぃっく♥ま+ま=まじっく！,かめりあ feat. ななひら
832,魔境堕天録サリエル,Unlucky Morpheus
833,Mother Ship (C-YA MIX),C-YA
834,待チ人ハ来ズ。,豚乙女
835,MANDARA,さたな
836,魔理沙は大変なものを盗んでいきました,ARM(IOSYS)
837,物凄い勢いでけーねが物凄いうた,Halozy
838,Max Burning!!,BlackY
839,冥 Rockin' SWING REMIX,164
840,MAX 300 takamatt MIN REMIX,takamatt
841,刃の如く ft. ネコメアリ,Iceon(Frost Fragment)
842,ゆうしゃのふゆやすみ,Verdammt
843,You Know-SDVX EDIT-,源屋 with Kuroa*
844,-約束-,ばんし
845,闇夜舞踏会 -緋碧と蝶のためのmasquerade-,ここなつ Produced by あおいひと with イオ
846,Utopia,溝口ゆうま feat. 大瀬良あい
847,UnivEarth,Antinomic Paradox
848,柳の下のデュラハン hard chaos mix,albel.
849,八雲藍の唯心論,君の美術館
850,夕立、君と隠れ処,幽閉サテライト (Arranged:Iceon) feat. senya
851,野球の遊び方　そしてその歴史　～決定版～,あさき大監督
852,雪女,かねこちはる
853,U.N.オーエンは彼女なのか？haru_naba Remix,はるなば
854,ゆうしゃのなつやすみ,Verdammt
855,やばいつよくてあたまいいあたいのうた,Shiron feat. Kuroa*
856,夢の空、約束の場所,Illusion Sonic
857,ユクエシレズ(EXIT TUNES),こじろー feat.GUMI
858,U.N. Owen was her? (Hyuji Remix),Hyuji
859,Unicorn tail Dustboxxxx RMX,Dustboxxxx
860,U.N.オーエンは彼女なのか？(TO-HOlic mix),C-Show
861,夕焼のナパーム (SDVX Edit),飛鳥男
862,ヤサイマシ☆ニンニクアブラオオメ,azuma feat. ななひら
863,U&M,emon
864,Rebuilding of Paradise Lost,Laur
865,黎明スケッチブック,アメツチ絵日記
866,LOVE EAST,暁Records
867,REGALIA,Riz
868,Lonly Ranunculus,Amateras Records feat.築山さえ
869,lost chain,まぁ言うてかぼちゃの色も橙だし多分大丈夫
870,Lord=Crossight,ぺのれり
871,Laughin' Muffin,Gowrock
872,Locus of Control,EastNewSound feat. 3L from NJK Record
873,Lo-Fi-M,yaseta
874,relegation grimoire,tsuzu
875,恋繋エピローグ,Amateras Records feat.KUMI(ヲタみん)
876,Russet,wellow
877,Renegade Fruits,t+pazolite
878,REVOLVER,sky_delta
879,Lachryma《Re:Queen’M》,かねこちはる
880,Le ××××,Orange Vox+ ft.konomi*
881,Lucky*Clover,Shiron＋こふ×モリモリあつしと提供でお送りします。
882,6弦とピアノのためのエチュード op.4,ke-ji
883,Le Fruit Défendu,モリモリあつし+Verdammt
884,リカーシブ・ファンクション,OSTER project
885,ロンロンへ　ライライライ！,ここなつ
886,Lovesick Lovetune,VALLEYSTONE feat. 紫崎 雪
887,量子の海のリントヴルム,黒猫ダンジョン
888,Russian Caravan Rhapsody,Power Of Nature
889,LegenD.,Yooh
890,恋愛方程式,パピ子りんft.ビタミンな兄貴♂＆ゆずり
891,Liminality,FELT
892,Liming Light,negi
893,Rubeus,RedMuffleR
894,Little princess has no identity.,0kash
895,リズの内心革命(EXIT TUNES),じっぷす
896,Lemures Prelude,EastNewSound
897,Rebirth(EXIT TUNES),164 feat. GUMI
898,REPLiCA,"Music by Hommarju, Vocal by ぁゅ"
899,REVERSE LIMITED!(SDVX Edit),MUZIK SERVANT feat.CHERICa
900,Liar World Monologue,"Music by ismK, Vocal by Kuroa*"
901,LittleGameStar,An
902,Lunatic Rough Party!!,かめりあ
903,Last Concerto,ke-ji
904,Last Battalion,ETIA.
905,ルーネイトエルフ(Riz Mix),Riz
906,Rings of Rainbow,Hommarju
907,LEMON SUMMER,パイタン
908,Lunartic Dial,Shiron
909,ラクガキスト(EXIT TUNES),cosMo＠暴走P feat.GUMI
910,Lieselotte,wa.
911,ロストワンの号哭(EXIT TUNES),Neru
912,Raptate,削除
913,ルービックキューブ(EXIT TUNES),otetsu feat.GUMI
914,Life is Beautiful,"Music by コバヤシユウヤ, Vocal by Kuroa*"
915,-Rayrain-,こなぐすり
916,Rot in hell！！,EastNewSound
917,ルートスフィア(EXIT TUNES),Last Note. feat. GUMI
918,Ray,源屋
919,rainbow flyer -gratitude remix-,PHQUASE
920,Runway Drive,FELT
921,恋愛勇者(EXIT TUNES),Last Note. feat. GUMI
922,六兆年と一夜物語(EXIT TUNES),kemu feat. IA
923,炉心融解(EXIT TUNES),iroha
924,レトロスペクティビリー・メリーゴーランド,はるなば
925,RED ZONE NeoClassical Party Remix,幽閉カタルシス
926,Love♡Shine わんだふるmix,ARM (IOSYS) feat. 一ノ瀬月琉 (monotone)
927,Love♡sicK,8#Prince(八王子P)
928,Rebellious stage,Dios/シグナルP
929,凛として咲く花の如く スプーキィテルミィンミックス,マチゲリータ
930,Wuv U(pico/ustic rmx),kamome sano
931,One & Only,Salk2d
932,Wuv U (Colorful QT3 nekomix),ねこみりん feat.えみゅう。×みゆ×小宮真央
933,World's end,Noah
934,Wuv U -More2 HAPPY Re-Mix Special-,Yu_Asahina
935,wander+wonder+wand,uma
936,ワヴル魔法図書館,wobble magic library
937,悪いところがひとつもない！,臨界モスキー党
938,WobbleTangleFestival,Relect
939,ワールド・ランプシェード(EXIT TUNES),りょーくん
940,World Vertex,void
941,wound,KEENO
942,iLLness LiLin,かねこちはる
943,ΩVERSOUL,BlackY
944,湖底遺跡のヴィダー・ハル,borzy & 結月そら
945,Genesis At Oasis (Hirayasu Matsudo Remix),Hirayasu Matsudo
946,sink into the dream,uma
947,Sailing Force,ぺのれり
948,SO FLY ME TO YOU,ローゼライト powered by mu-ray
949,超☆超☆光☆速☆出☆前☆最☆速!!! スピード★スター★かなで,かめりあ feat. ななひら
950,ナナイロライト,ここなつ
951,POLICY BREAK Medley from SOUND VOLTEX×jubeat,United Composers from jubeat
952,パンダヒーロー,ハチ
953,Fly far bounce,猫叉Master
954,Boss Rush,USAO
955,マトリョシカ,ハチ
957,Line 4 Ruin -kohumix-,こふ
958,Rebellio,MAX MAXIMIZER VS DJ TOTTO
959,Gamerz FestivaL,うさぎ愛好会(cosMo×syuri22)
960,壊Rave*it!! 壊Rave*it!!,LeaF
962,恋歌疾風！かるたクイーンいろは[MXM],ねこまんまチーム！
961,Carry Me Away,lapix
963,Narcissus At Oasis -影虎。 style-,影虎。
