id,song_id,song_name,diff_name,level,tier,photo
2814,879,Lachryma《Re:Queen’M》,6,20,A,/879/grv.jpg
1987,617,HE4VEN ～天国へようこそ～,4,20,A,/617/mxm.jpg
3102,944,iLLness LiLin,4,20,A,/944/mxm.jpg
638,195,KAC 2013 ULTIMATE MEDLEY -HISTORIA SOUND VOLTEX- Emperor Side,6,19,A,/195/grv.jpg
2345,732,Bangin' Burst,6,19,A,/732/grv.jpg
211,62,ΑΩ,6,19,B,/62/grv.jpg
2037,631,FLügeL《Λrp:ΣggyØ》,6,19,B,/631/grv.jpg
2148,668,Blastix Riotz,6,19,B,/668/grv.jpg
270,81,Everlasting Message,6,19,C,/81/grv.jpg
766,236,Growth Memories,6,19,C,/236/grv.jpg
844,260,XROSS INFECTION,6,19,C,/260/grv.jpg
1157,356,XyHATTE(EXIT TUNES),6,19,C,/356/grv.jpg
1534,475,DIABLOSIS::Nāga,6,19,C,/475/grv.jpg
2152,669,Preserved Valkyria,6,19,C,/669/grv.jpg
681,209,月光乱舞,6,19,D,/209/grv.jpg
727,224,KAC 2012 ULTIMATE MEDLEY -HISTORIA SOUND VOLTEX-,6,19,D,/224/grv.jpg
929,286,Ganymede kamome mix,5,19,D,/286/inf.jpg
1331,413,snow storm -euphoria-,6,19,D,/413/grv.jpg
1811,564,大宇宙ステージ,6,19,D,/564/grv.jpg
2176,677,HAVOX,3,19,D,/677/exh.jpg
2320,724,Black Emperor,6,19,D,/724/grv.jpg
2352,734,BLACK or WHITE?,6,19,D,/734/grv.jpg
2785,870,Lord=Crossight,6,19,D,/870/grv.jpg
214,63,veRtrageS,3,19,E,/63/exh.jpg
637,195,KAC 2013 ULTIMATE MEDLEY -HISTORIA SOUND VOLTEX- Emperor Side,3,19,E,/195/exh.jpg
659,202,XHAOS JUDGE,3,19,E,/202/exh.jpg
2344,732,Bangin' Burst,3,19,E,/732/exh.jpg
2348,733,For UltraPlayers,3,19,E,/733/exh.jpg
2681,838,Max Burning!!,5,19,E,/838/inf.jpg
1983,616,Fin.ArcDeaR,4,19,D,/616/mxm.jpg
2141,666,Firestorm,3,19,P,/666/exh.jpg
3109,948,Sailing Force,4,19,D,/948/mxm.jpg
72,18,#Endroll,3,18,A,/18/exh.jpg
180,52,EMPIRE OF FLAME,3,18,A,/52/exh.jpg
236,70,INF-B《L-aste-R》,3,18,A,/70/exh.jpg
315,95,Wish upon Twin Stars,6,18,A,/95/grv.jpg
565,173,キュリオシティ,4,18,A,/173/mxm.jpg
593,181,Completeness Under Incompleteness,6,18,A,/181/grv.jpg
631,193,XROSS THE XOUL,6,18,A,/193/grv.jpg
980,301,準備運動,4,18,A,/301/mxm.jpg
1011,309,Solar Storm,3,18,A,/309/exh.jpg
1193,368,Sayonara Planet Wars,3,18,A,/368/exh.jpg
1875,583,Noisy Minority,4,18,A,/583/mxm.jpg
1890,587,NEO TREASON,6,18,A,/587/grv.jpg
2674,836,魔理沙は大変なものを盗んでいきました,6,18,A,/836/grv.jpg
2890,903,Last Concerto,6,18,A,/903/grv.jpg
198,58,Warriors Aboot,3,18,B,/58/exh.jpg
503,155,Absurd Gaff,6,18,B,/155/grv.jpg
534,164,Onigo,7,18,B,/164/hvn.jpg
579,177,極圏,3,18,B,/177/exh.jpg
680,209,月光乱舞,3,18,B,/209/exh.jpg
696,214,きたさいたま2000,3,18,B,/214/exh.jpg
770,237,CODE -CRiMSON-,6,18,B,/237/grv.jpg
840,259,Crack Traxxxx,6,18,B,/259/grv.jpg
894,276,金縛りの逢を,7,18,B,/276/hvn.jpg
908,280,croiX,5,18,B,/280/inf.jpg
1153,355,消失(EXIT TUNES),3,18,B,/355/exh.jpg
1324,411,最終鬼畜妹フランドール・S,6,18,B,/411/grv.jpg
1414,440,The world of sound,7,18,B,/440/hvn.jpg
1538,476,Triple Counter,6,18,B,/476/grv.jpg
1575,488,Demise Quartet,3,18,B,/488/exh.jpg
1599,496,ドーパミン,3,18,B,/496/exh.jpg
2356,735,Hellfire,6,18,B,/735/grv.jpg
2504,782,FLOWER REDALiCE Remix,5,18,B,/782/inf.jpg
2573,803,マサカリブレイド,3,18,C,/803/exh.jpg
2710,847,UnivEarth,3,18,B,/847/exh.jpg
2810,878,REVOLVER,3,18,B,/878/exh.jpg
2845,889,LegenD.,3,18,B,/889/exh.jpg
2986,933,World's end,3,18,B,/933/exh.jpg
81,21,IKAROS DYNAMITE!!!!,3,18,C,/21/exh.jpg
94,25,Angelic Jelly,6,18,C,/25/grv.jpg
114,31,Ok!! Hug Me,6,18,C,/31/grv.jpg
126,35,Ultimate Ascension,3,18,C,/35/exh.jpg
168,48,MG277,3,18,C,/48/exh.jpg
576,176,Quaint Echo,3,18,C,/176/exh.jpg
720,222,"gigadelic (かめりあ's ""The TERA"" RMX)",3,18,C,/222/exh.jpg
723,223,混乱少女♥そふらんちゃん!!,3,18,C,/223/exh.jpg
1032,316,絶対零度,3,18,C,/316/exh.jpg
1060,324,Celestial stinger,6,18,C,/324/grv.jpg
1126,346,Seraphim,3,18,C,/346/exh.jpg
1500,466,ドリームエンド・サバイバー,4,18,C,/466/mxm.jpg
1527,473,東方妖々夢 ULTIMATE MEDLEY,3,18,C,/473/exh.jpg
2024,627,Prayer,3,18,C,/627/exh.jpg
2076,644,Fox4-Raize-,3,18,C,/644/exh.jpg
2086,648,伐折羅-vajra-,3,18,C,/648/exh.jpg
2147,668,Blastix Riotz,3,18,C,/668/exh.jpg
2151,669,Preserved Valkyria,3,18,C,/669/exh.jpg
2161,672,Pon-Pon-Pompoko Dai-Sen-Saw!,3,18,C,/672/exh.jpg
2526,788,Broken 8cmix,7,18,C,/788/hvn.jpg
2558,798,ムラサキグルマ,3,18,C,/798/exh.jpg
2685,839,冥 Rockin' SWING REMIX,5,18,C,/839/inf.jpg
2813,879,Lachryma《Re:Queen’M》,3,18,C,/879/exh.jpg
47,11,永遠に幸せになる方法、見つけました。(EXIT TUNES),4,18,D,/11/mxm.jpg
192,56,Angels And Demons,3,18,D,/56/exh.jpg
210,62,ΑΩ,3,18,D,/62/exh.jpg
220,65,Ops:Code-Rapture-,3,18,D,/65/exh.jpg
273,82,Invitation from Mr.C,3,18,D,/82/exh.jpg
301,91,VILE CAT,3,18,D,/91/exh.jpg
307,93,werewolf howls.,3,18,D,/93/exh.jpg
324,98,INSECTICIDE,3,18,D,/98/exh.jpg
765,236,Growth Memories,3,18,D,/236/exh.jpg
1029,315,GEOMETRIA,3,18,D,/315/exh.jpg
1084,332,侍Annihilate!!,3,18,D,/332/exh.jpg
1520,471,TRICKL4SH 220,4,18,D,/471/mxm.jpg
1524,472,Dreadnought,4,18,D,/472/mxm.jpg
1632,507,到達してしまった僕らと夢と希望の最之果,3,18,D,/507/exh.jpg
2036,631,FLügeL《Λrp:ΣggyØ》,3,18,D,/631/exh.jpg
2126,661,HAELE III ‾Angel Worlds‾,6,18,D,/661/grv.jpg
2319,724,Black Emperor,3,18,D,/724/exh.jpg
2351,734,BLACK or WHITE?,3,18,D,/734/exh.jpg
2555,797,冥天・ヘメロカリス,3,18,D,/797/exh.jpg
2807,877,Renegade Fruits,6,18,D,/877/grv.jpg
141,40,Endless GRAVITY,3,18,E,/40/exh.jpg
177,51,End to end,3,18,E,/51/exh.jpg
1108,340,JEHANNEDARC,3,18,E,/340/exh.jpg
1156,356,XyHATTE(EXIT TUNES),3,18,E,/356/exh.jpg
1163,358,灼熱Beach Side Bunny,3,18,E,/358/exh.jpg
1476,459,Xepher Light and Darkness Dragon REMIX,6,18,C,/459/grv.jpg
1530,474,↓↓↓,3,18,E,/474/exh.jpg
1635,508,tricky trick,3,18,E,/508/exh.jpg
1905,592,NEO GRAVITY,3,18,E,/592/exh.jpg
2132,663,FLOWER,3,18,E,/663/exh.jpg
11,2,Immortal saga,4,18,A,/2/mxm.jpg
2530,789,Make Magic,4,18,C,/789/mxm.jpg
227,67,Opium and Purple haze,6,18,E,/67/grv.jpg
3104,944,ΩVERSOUL,4,18,A,/944/mxm.jpg
3112,950,超☆超☆光☆速☆出☆前☆最☆速!!! スピード★スター★かなで,4,18,B,/950/mxm.jpg
3115,952,POLICY BREAK Medley from SOUND VOLTEX×jubeat,4,18,N,/952/mxm.jpg
3119,955,Boss Rush,4,18,B,/955/mxm.jpg
,,,,,,
3125,958,Rebellio,4,18,A,/958/mxm.jpg
23,5,Aragami,4,17,A,/5/mxm.jpg
75,19,アルティメットトゥルース -Phantasm-,3,17,S,/19/exh.jpg
84,22,Emperor's Divide,3,17,A,/22/exh.jpg
107,29,ウエンレラの氷華,6,17,A,/29/grv.jpg
165,47,Enigma,3,17,A,/47/exh.jpg
183,53,Aliquam,3,17,A,/53/exh.jpg
263,79,AYAKASHI,3,17,A,/79/exh.jpg
463,142,VALLIS-NERIA,3,17,S,/142/exh.jpg
589,180,Grand Chariot,6,17,A,/180/grv.jpg
596,182,ゲキツイムラサ,3,17,A,/182/exh.jpg
647,198,Candy Colored Hearts,3,17,A,/198/exh.jpg
684,210,continew,3,17,A,/210/exh.jpg
693,213,Garakuta Doll Play,3,17,A,/213/exh.jpg
769,237,CODE -CRiMSON-,3,17,A,/237/exh.jpg
1020,312,JOMANDA,3,17,A,/312/exh.jpg
1041,319,０=Xerostrumental=(EXIT TUNES),3,17,A,/319/exh.jpg
1045,320,StrayedCatz,6,17,A,/320/grv.jpg
1056,323,The End of War,3,17,A,/323/exh.jpg
1078,330,雪月花 -さわわRemix-,3,17,A,/330/exh.jpg
1141,351,Shanghai Wu Long ～上海舞龍～,3,17,A,/351/exh.jpg
1280,397,Sakura Mirage,3,17,A,/397/exh.jpg
1547,479,Time to Air -Fly High Remix-,3,17,A,/479/exh.jpg
1557,482,Destroy,6,17,A,/482/grv.jpg
1638,509,2 MINUTES FIGHTERS,3,17,A,/509/exh.jpg
1807,563,Dynasty,5,17,A,/563/inf.jpg
1914,595,Nofram,3,17,A,/595/exh.jpg
1921,597,ネメシス SDVX Edit,3,17,A,/597/exh.jpg
1927,599,NEON WORLD,3,17,A,/599/exh.jpg
2043,633,Paradission,3,17,A,/633/exh.jpg
2164,673,パ→ピ→プ→Yeah!,3,17,A,/673/exh.jpg
2173,676,ほおずき程度には赤い頭髪,3,17,A,/676/exh.jpg
2179,678,BEAT-NEW-WORLD,3,17,A,/678/exh.jpg
2383,744,Booths of Fighters,3,17,S,/744/exh.jpg
2453,767,PANIC HOLIC,6,17,A,/767/grv.jpg
2490,778,freaky freak,6,17,A,/778/grv.jpg
2494,779,香港功夫大旋風,6,17,A,/779/grv.jpg
2839,887,量子の海のリントヴルム,3,17,A,/887/exh.jpg
66,16,{albus},3,17,B,/16/exh.jpg
100,27,Voynich:Manuscript,3,17,B,/27/exh.jpg
144,41,アキネイション,3,17,B,/41/exh.jpg
217,64,Witch in Sweetsland,3,17,B,/64/exh.jpg
223,66,ΕΛΠΙΣ,3,17,B,/66/exh.jpg
230,68,Innocent Floor,3,17,B,/68/exh.jpg
269,81,Everlasting Message,3,17,B,/81/exh.jpg
292,88,Our Faith (Faithful MTL Remix),3,17,B,/88/exh.jpg
349,106,Innocent Tempest,3,17,B,/106/exh.jpg
507,156,EGG,6,17,B,/156/grv.jpg
561,172,ケムマキunderground,4,17,B,/172/mxm.jpg
582,178,Clash of swords,3,17,B,/178/exh.jpg
600,183,Get back here,6,17,B,/183/grv.jpg
699,215,Got more raves？,3,17,B,/215/exh.jpg
702,216,紅の剣舞,3,17,B,/216/exh.jpg
731,225,キモチコネクト,6,17,B,/225/grv.jpg
843,260,XROSS INFECTION,3,17,B,/260/exh.jpg
847,261,Quietus Ray,3,17,B,/261/exh.jpg
904,279,ケロ⑨destiny,7,17,B,/279/hvn.jpg
912,281,Gott,5,17,B,/281/inf.jpg
976,300,Sakura Mirage -Drum'n World-,4,17,B,/300/mxm.jpg
1038,318,そして紫の幻想曲は全てを受け入れる,3,17,B,/318/exh.jpg
1093,335,The star in eclipse,3,17,B,/335/exh.jpg
1117,343,Stleq,3,17,B,/343/exh.jpg
1196,369,Chant du Cygne,3,17,B,/369/exh.jpg
1347,418,少年は空を辿る Prog Piano Remix,6,17,B,/418/grv.jpg
1456,453,Space Diver Tama,7,17,D,/453/hvn.jpg
1533,475,DIABLOSIS::Nāga,3,17,B,/475/exh.jpg
1569,486,Dualive(EXIT TUNES),3,17,B,/486/exh.jpg
1692,526,超越してしまった彼女と其を生み落した理由,3,17,B,/526/exh.jpg
1899,590,人形裁判 -THIRD IMPACT-,3,17,B,/590/exh.jpg
1945,605,IX,3,17,B,/605/exh.jpg
1961,610,ナイト・オブ・ナイツ,5,17,B,/610/inf.jpg
2003,621,Heavenly Adventure,4,17,B,/621/mxm.jpg
2033,630,Halcyon,3,17,B,/630/exh.jpg
2055,637,"Help me, ERINNNNNN!! -Cranky remix-",3,17,B,/637/exh.jpg
2113,657,Pieces of a Dream,3,17,B,/657/exh.jpg
2135,664,ホーンテッド★メイドランチ,3,17,B,/664/exh.jpg
2200,685,Pure Evil (Kobaryo FTN-Remix),3,17,B,/685/exh.jpg
2252,702,Pure Evil-Aya2g Drm'n Tech Rmx-,3,17,B,/702/exh.jpg
2310,721,Harpuia,3,17,B,/721/exh.jpg
2326,726,FLYING OUT TO THE SKY,3,17,B,/726/exh.jpg
2329,727,Fiat Lux,3,17,B,/727/exh.jpg
2338,730,Verse IV,3,17,B,/730/exh.jpg
2355,735,Hellfire,3,17,B,/735/exh.jpg
2359,736,HYENA,3,17,B,/736/exh.jpg
2537,791,Metamorphobia,3,17,B,/791/exh.jpg
2561,799,Mayohiga Spurt,3,17,B,/799/exh.jpg
2726,852,雪女,6,17,B,/852/grv.jpg
2889,903,Last Concerto,3,17,B,/903/exh.jpg
19,4,3y3s (JMBS FUNKOT RMX),4,17,C,/4/mxm.jpg
135,38,UROBØROS,3,17,C,/38/exh.jpg
152,43,Inixia,6,17,C,/43/grv.jpg
155,44,Virtual Bit,3,17,C,/44/exh.jpg
201,59,Vampire's Territory,3,17,C,/59/exh.jpg
226,67,Opium and Purple haze,3,17,C,/67/exh.jpg
276,83,鬼天,3,17,C,/83/exh.jpg
286,86,イグジスタンス(EXIT TUNES),3,17,C,/86/exh.jpg
311,94,Appliqué,6,17,C,/94/grv.jpg
621,190,黒髪乱れし修羅となりて～凛 edition～,3,17,C,/190/exh.jpg
671,206,CUTIE☆EX-DREAM,3,17,C,/206/exh.jpg
714,220,感情の魔天楼 ～ Arr.Demetori,3,17,C,/220/exh.jpg
726,224,KAC 2012 ULTIMATE MEDLEY -HISTORIA SOUND VOLTEX-,3,17,C,/224/exh.jpg
734,226,CRITICAL LINE(EXIT TUNES),3,17,C,/226/exh.jpg
755,233,gigadelic(m3rkAb4# R3m!x),3,17,C,/233/exh.jpg
806,248,KiLLeR MeRMaiD,3,17,C,/248/exh.jpg
893,276,金縛りの逢を,3,17,C,/276/exh.jpg
928,286,Ganymede kamome mix,3,17,C,/286/exh.jpg
984,302,JUGGLE,4,17,C,/302/mxm.jpg
992,304,水槽のクジラ,4,17,C,/304/mxm.jpg
1014,310,Zero-Day Exploit,3,17,E,/310/exh.jpg
1049,321,Sephirot,6,17,C,/321/grv.jpg
1087,333,CENSORED!!,3,17,C,/333/exh.jpg
1286,399,信仰は儚き人間の為に ～ Arr.Demetori,3,17,C,/399/exh.jpg
1330,413,snow storm -euphoria-,3,17,C,/413/exh.jpg
1508,468,Chocolate Planet,4,17,C,/468/mxm.jpg
1572,487,チルノとまりおのパーフェクトさんすう教室,3,17,C,/487/exh.jpg
1581,490,常夏！！クリスタライズ・シャーベット,3,17,C,/490/exh.jpg
1641,510,TIEFSEE,3,17,C,/510/exh.jpg
1705,530,Decretum,3,17,C,/530/exh.jpg
1727,537,Double Universe,6,17,C,/537/grv.jpg
1852,576,Distorted Floor,5,17,C,/576/inf.jpg
1902,591,Never Fails,3,17,C,/591/exh.jpg
2007,622,HEAVENLY SMILE,4,17,C,/622/mxm.jpg
2079,645,Follow Up,3,17,C,/645/exh.jpg
2203,686,False Cross,3,17,C,/686/exh.jpg
2283,712,バンブーソード・ガール(EXIT TUNES),3,17,C,/712/exh.jpg
2398,749,BabeL ～Next Story～,3,17,C,/749/exh.jpg
2486,777,Fire Strike,7,17,C,/777/hvn.jpg
2612,816,物凄い狂っとるフランちゃんが物凄いうた,3,17,C,/816/exh.jpg
2680,838,Max Burning!!,3,17,C,/838/exh.jpg
2784,870,Lord=Crossight,3,17,C,/870/exh.jpg
2833,885,ロンロンへ　ライライライ！,6,17,C,/885/grv.jpg
51,12,EDEN of TRUTH,4,17,D,/12/mxm.jpg
87,23,ANTI THE∞HOLiC(EXIT TUNES),3,17,D,/23/exh.jpg
321,97,朱と碧のランページ,3,17,D,/97/exh.jpg
337,102,Idola,3,17,D,/102/exh.jpg
411,125,INFINITY OVERDRIVE,6,17,D,/125/grv.jpg
511,157,éclair au chocolat,6,17,D,/157/grv.jpg
650,199,雲の彼方,3,17,D,/199/exh.jpg
662,203,conflict,3,17,D,/203/exh.jpg
887,274,過食性:アイドル症候群(EXIT TUNES),5,17,D,/274/inf.jpg
916,282,カミサマネジマキ(EXIT TUNES),6,17,D,/282/grv.jpg
1053,322,ZEPHYRANTHES,6,17,D,/322/grv.jpg
1132,348,じゅーじゅー♥焼肉の火からフェニックス！？～再誕の†炭火焼き～,3,17,D,/348/exh.jpg
1220,377,THUNDERCRACK,3,17,D,/377/exh.jpg
1314,408,choux à la crème,6,17,D,/408/grv.jpg
1413,440,The world of sound,3,17,D,/440/exh.jpg
1496,465,デュアルメモリ,4,17,D,/465/mxm.jpg
1504,467,Dharma,4,17,D,/467/mxm.jpg
1550,480,Deadly Dolly Dance,3,17,D,/480/exh.jpg
1611,500,TOXIC VIBRATION,3,17,D,/500/exh.jpg
1623,504,Discloze,3,17,D,/504/exh.jpg
1670,519,打打打打打打打打打打,5,17,E,/519/inf.jpg
1737,540,DEADLOCK XXX,3,17,D,/540/exh.jpg
1828,569,AA BlackY mix,5,17,D,/569/inf.jpg
1862,579,TYCOON,5,17,D,/579/inf.jpg
2040,632,B.B.K.K.B.K.K.,3,17,D,/632/exh.jpg
2070,642,Parousia,3,17,D,/642/exh.jpg
2107,655,Backflow,3,17,D,/655/exh.jpg
2144,667,暴走(EXIT TUNES),3,17,D,/667/exh.jpg
2231,695,FIRE FIRE(Kazmasa Remix),3,17,D,/695/exh.jpg
2274,709,FIRE FIRE -DARK BLAZE REMIX-,3,17,D,/709/exh.jpg
2316,723,Pure Evil,3,17,D,/723/exh.jpg
2640,825,ムーニャポヨポヨスッポコニャーゴ,3,17,D,/825/exh.jpg
2713,848,柳の下のデュラハン hard chaos mix,3,17,D,/848/exh.jpg
2729,853,U.N.オーエンは彼女なのか？haru_naba Remix,3,17,D,/853/exh.jpg
2768,865,黎明スケッチブック,4,17,D,/865/mxm.jpg
2775,867,REGALIA,3,17,D,/867/exh.jpg
2883,901,LittleGameStar,6,17,D,/901/grv.jpg
103,28,akasha-assembly,3,17,E,/28/exh.jpg
138,39,Apex of the World,3,17,E,/39/exh.jpg
239,71,あれこれそれどれ(EXIT TUNES),3,17,E,/71/exh.jpg
245,73,EBONY & IVORY,3,17,E,/73/exh.jpg
280,84,INDEPENDENT SKY,6,17,E,/84/grv.jpg
289,87,F.K.S.,3,17,E,/87/exh.jpg
314,95,Wish upon Twin Stars,3,17,E,/95/exh.jpg
328,99,御千手メディテーション,5,17,E,/99/inf.jpg
353,107,odds and ends,6,17,E,/107/grv.jpg
372,113,ウバワレ,6,17,E,/113/grv.jpg
392,119,Erlung,6,17,E,/119/grv.jpg
444,136,音楽 -resolve-,3,17,E,/136/exh.jpg
527,162,天ノ弱(EXIT TUNES),5,17,E,/162/inf.jpg
547,168,ALBIDA Powerless Mix,5,17,E,/168/inf.jpg
585,179,cross the future,3,17,E,/179/exh.jpg
749,231,きらきらタイム☆,3,17,E,/231/exh.jpg
773,238,gigadelic -stance xxxx-,3,17,E,/238/exh.jpg
957,294,cloud,7,17,E,/294/hvn.jpg
964,296,good high school,5,17,E,/296/inf.jpg
1008,308,零の位相,4,17,E,/308/mxm.jpg
1099,337,S1CK_F41RY,3,17,E,/337/exh.jpg
1114,342,漆黒のスペシャルプリンセスサンデー,3,17,E,/342/exh.jpg
1123,345,The setting sun,3,17,E,/345/exh.jpg
1208,373,The Sampling Paradise (P*Light Remix),3,17,E,/373/exh.jpg
1292,401,少女暴動(EXIT TUNES),3,17,E,/401/exh.jpg
1446,450,セツナトリップ(EXIT TUNES),7,17,E,/450/hvn.jpg
1537,476,Triple Counter,3,17,E,/476/exh.jpg
1560,483,断罪は遍く人間の元に,3,17,E,/483/exh.jpg
1714,533,True Blue,3,17,E,/533/exh.jpg
1999,620,Four Leaves,4,17,E,/620/mxm.jpg
2197,684,Borealis,3,17,E,/684/exh.jpg
2213,689,ポメグラネイト,6,17,E,/689/grv.jpg
2246,700,ぼくらしかしらない,3,17,E,/700/exh.jpg
2401,750,HAELEQUIN,3,17,E,/750/exh.jpg
2460,769,V.I.P.,3,17,E,/769/exh.jpg
2534,790,焔 -MAGMA-,4,17,E,/790/mxm.jpg
2600,812,無気力クーデター(EXIT TUNES),3,17,E,/812/exh.jpg
2820,881,Lucky*Clover,3,17,E,/881/exh.jpg
331,100,悪性ロリィタマキャヴェリズム(EXIT TUNES),3,17,F,/100/exh.jpg
382,116,イゴモヨス＝オムルのテーマによるブヨブヨ・スケッチの試み,3,17,F,/116/exh.jpg
469,144,音楽 -壊音楽 mix-,3,17,F,/144/exh.jpg
1654,514,Twin Rocket,3,17,F,/514/exh.jpg
1689,525,轟け！恋のビーンボール！！,3,17,F,/525/exh.jpg
2167,674,Happy Sensation,3,17,F,/674/exh.jpg
2289,714,#FairyJoke #SDVX_Edit,3,17,F,/714/exh.jpg
2588,808,無双,3,17,F,/808/exh.jpg
2634,823,Mist In Hell,3,17,F,/823/exh.jpg
2857,893,Rubeus,3,17,F,/893/exh.jpg
2860,894,Little princess has no identity.,3,17,F,/894/exh.jpg
2894,904,Last Battalion,6,17,F,/904/grv.jpg
3,0,If,4,17,D,/0/mxm.jpg
7,1,infinite:youniverse,4,17,C,/1/mxm.jpg
1982,616,Fin.ArcDeaR,3,17,S,/616/exh.jpg
1986,617,HE4VEN ～天国へようこそ～,3,17,A,/617/exh.jpg
2764,864,Rebuilding of Paradise Lost,4,17,C,/864/mxm.jpg
1362,423,Joyeuse,3,17,P,/423/exh.jpg
1810,564,大宇宙ステージ,3,17,P,/564/exh.jpg
2116,658,Pet Peeve,3,17,P,/658/exh.jpg
3101,943,iLLness LiLin,3,17,A,/943/exh.jpg
3107,946,sink into the dream,4,17,N,/946/mxm.jpg
3108,947,Sailing Force,3,17,D,/947/exh.jpg
3111,949,超☆超☆光☆速☆出☆前☆最☆速!!! スピード★スター★かなで,3,17,C,/949/exh.jpg
3117,953,Fly far bounce,4,17,F,/953/mxm.jpg
3123,957,Line 4 Ruin -kohumix-,4,17,N,/957/mxm.jpg
3124,958,Rebellio,3,17,N,/958/exh.jpg
35,8,インビジブル(EXIT TUNES),4,16,A,/8/mxm.jpg
106,29,ウエンレラの氷華,3,16,A,/29/exh.jpg
123,34,踊るフィーバーロボ,3,16,A,/34/exh.jpg
174,50,アナーキーインザ夕景,3,16,A,/50/exh.jpg
779,240,KHAMEN BREAK,3,16,A,/240/exh.jpg
830,256,"コンベア速度Max!? しゃいにん☆廻転ズシ""Sushi&Peace""",3,16,A,/256/exh.jpg
839,259,Crack Traxxxx,3,16,A,/259/exh.jpg
907,280,croiX,3,16,A,/280/exh.jpg
968,297,「月風魔伝」龍骨鬼戦 yks Remix,5,16,A,/297/inf.jpg
1102,338,She is my wife,3,16,A,/338/exh.jpg
1169,360,Sounds Of Summer,3,16,A,/360/exh.jpg
1313,408,choux à la crème,3,16,A,/408/exh.jpg
1323,411,最終鬼畜妹フランドール・S,3,16,A,/411/exh.jpg
1708,531,Dignity,3,16,A,/531/exh.jpg
1731,538,Dawn of Asia,6,16,A,/538/grv.jpg
1815,565,TRIGGER★HAPPY,6,16,A,/565/grv.jpg
1889,587,NEO TREASON,3,16,A,/587/exh.jpg
2049,635,ハイスピヰド・ランパンシヰ,3,16,A,/635/exh.jpg
2052,636,"Help me, ERINNNNNN!! -VENUS mix-",3,16,A,/636/exh.jpg
2098,652,VOLTEXES III,3,16,A,/652/exh.jpg
2122,660,Blacksphere,3,16,A,/660/exh.jpg
2268,707,はわわｗ！な展開っ！,6,16,A,/707/grv.jpg
2301,718,ボルテ体操第一,3,16,A,/718/exh.jpg
2540,792,MAGATORO,3,16,A,/792/exh.jpg
2916,911,ロストワンの号哭(EXIT TUNES),6,16,A,/911/grv.jpg
3008,940,World Vertex,6,16,A,/940/grv.jpg
43,10,裏表ラバーズ,4,16,B,/10/mxm.jpg
97,26,eastward -sdvx edit-,3,16,B,/26/exh.jpg
113,31,Ok!! Hug Me,3,16,B,/31/exh.jpg
159,45,ERROR CODE,6,16,B,/45/grv.jpg
592,181,Completeness Under Incompleteness,3,16,B,/181/exh.jpg
780,240,KHAMEN BREAK,5,16,B,/240/inf.jpg
856,264,C18H27NO3,3,16,B,/264/exh.jpg
865,267,Qubism,3,16,B,/267/exh.jpg
1120,344,千客万来☆無問題！,3,16,B,/344/exh.jpg
1214,375,幸せになれる隠しコマンドがあるらしい(EXIT TUNES),3,16,B,/375/exh.jpg
1217,376,Scarlet Pinheel,3,16,B,/376/exh.jpg
1310,407,Stella Sinistra,3,16,B,/407/exh.jpg
1499,466,ドリームエンド・サバイバー,3,16,B,/466/exh.jpg
1645,511,ツーマンライブ,6,16,B,/511/grv.jpg
1746,543,デストロイマーチ,3,16,B,/543/exh.jpg
1845,574,チルノのパーフェクトさんすう教室,5,16,B,/574/inf.jpg
2194,683,FIRE FIREは電気スウィングの夢を見るか？,3,16,B,/683/exh.jpg
2216,690,Hyper☆Chipspace,3,16,B,/690/exh.jpg
2457,768,VISION,6,16,B,/768/grv.jpg
2503,782,FLOWER REDALiCE Remix,3,16,B,/782/exh.jpg
2570,802,三つ数えろ,3,16,B,/802/exh.jpg
2750,860,U.N.オーエンは彼女なのか？(TO-HOlic mix),3,16,B,/860/exh.jpg
2906,908,Lunartic Dial,3,16,B,/908/exh.jpg
2909,909,ラクガキスト(EXIT TUNES),3,16,B,/909/exh.jpg
59,14,オトゲラヴ！,4,16,C,/14/mxm.jpg
318,96,有頂天ビバーチェ(EXIT TUNES),3,16,C,/96/exh.jpg
388,118,おお われら喜び讃うべし、主よ,3,16,C,/118/exh.jpg
502,155,Absurd Gaff,3,16,C,/155/exh.jpg
533,164,Onigo,3,16,C,/164/exh.jpg
627,192,Question.,3,16,C,/192/exh.jpg
668,205,我楽多イノセンス(EXIT TUNES),3,16,C,/205/exh.jpg
784,241,Cleopatrysm,5,16,C,/241/inf.jpg
911,281,Gott,3,16,C,/281/exh.jpg
996,305,starmine (nora2r Remix),4,16,C,/305/mxm.jpg
1000,306,Second Heaven GravityPfArrange,4,16,C,/306/mxm.jpg
1398,435,Starlight Express,3,16,C,/435/exh.jpg
1516,470,トラウマ催眠少女さとり！,4,16,C,/470/mxm.jpg
1666,518,断片Story,3,16,C,/518/exh.jpg
1752,545,つぶやき魔法少女りむる,3,16,C,/545/exh.jpg
1806,563,Dynasty,3,16,C,/563/exh.jpg
1827,569,AA BlackY mix,3,16,C,/569/exh.jpg
1918,596,夏色DIARY -Summer Dazzlin' Vacation miX-,6,16,C,/596/grv.jpg
1968,612,Nyan Cat(EXIT TUNES),5,16,C,/612/inf.jpg
1995,619,HiGHER,4,16,C,/619/mxm.jpg
2011,623,bass 2 bass [Tracy vs. Astronomical Remix],4,16,C,/623/mxm.jpg
2185,680,ホメ猫☆センセーション,3,16,C,/680/exh.jpg
2323,725,Hoshizora Illumination,3,16,C,/725/exh.jpg
2332,728,茅蜩モラトリアム(EXIT TUNES),3,16,C,/728/exh.jpg
2371,740,放課後ストライド(EXIT TUNES),3,16,C,/740/exh.jpg
2428,759,Brain Power,3,16,C,/759/exh.jpg
2452,767,PANIC HOLIC,3,16,C,/767/exh.jpg
2493,779,香港功夫大旋風,3,16,C,/779/exh.jpg
2594,810,Monkey Business -Satire mix-,3,16,C,/810/exh.jpg
2606,814,メイガスナイト ～ Arr.Demetori,3,16,C,/814/exh.jpg
2631,822,mon$tage,3,16,C,/822/exh.jpg
2684,839,冥 Rockin' SWING REMIX,3,16,C,/839/exh.jpg
2823,882,6弦とピアノのためのエチュード op.4,3,16,C,/882/exh.jpg
2832,885,ロンロンへ　ライライライ！,3,16,C,/885/exh.jpg
2977,930,Wuv U(pico/ustic rmx),3,16,C,/930/exh.jpg
15,3,Engraved Mark-Gow's ill! RMX-,4,16,D,/3/mxm.jpg
31,7,斑鳩,4,16,D,/7/mxm.jpg
251,75,Our Faith (takdrive remix),3,16,D,/75/exh.jpg
340,103,憂恋☆アクティベーション,3,16,D,/103/exh.jpg
371,113,ウバワレ,3,16,D,/113/exh.jpg
448,137,いーあるふぁんくらぶ(EXIT TUNES),6,16,D,/137/grv.jpg
460,141,I'm so Happy,3,16,D,/141/exh.jpg
569,174,Candy Star,4,16,D,/174/mxm.jpg
634,194,響縁,3,16,D,/194/exh.jpg
833,257,クノイチでも恋がしたい(EXIT TUNES),3,16,D,/257/exh.jpg
883,273,孤独の番人(EXIT TUNES),3,16,D,/273/exh.jpg
940,289,caramel ribbon,5,16,D,/289/inf.jpg
1150,354,深海シティアンダーグラウンド(EXIT TUNES),3,16,D,/354/exh.jpg
1226,379,最速最高シャッターガール,3,16,D,/379/exh.jpg
1523,472,Dreadnought,3,16,D,/472/exh.jpg
1593,494,ドゥンガドゥンガ狂詩曲,3,16,D,/494/exh.jpg
2064,640,爆なな☆てすとロイヤー,3,16,D,/640/exh.jpg
2182,679,プレインエイジア -PHQ remix-,3,16,D,/679/exh.jpg
2579,805,滅亡天使 † にこきゅっぴん,3,16,D,/805/exh.jpg
2725,852,雪女,3,16,D,/852/exh.jpg
2747,859,Unicorn tail Dustboxxxx RMX,3,16,D,/859/exh.jpg
2826,883,Le Fruit Défendu,3,16,D,/883/exh.jpg
2879,900,Liar World Monologue,3,16,D,/900/exh.jpg
39,9,インフルエンサー・イズ・デッド(EXIT TUNES),4,16,E,/9/mxm.jpg
93,25,Angelic Jelly,3,16,E,/25/exh.jpg
120,33,ancient garden,3,16,E,/33/exh.jpg
148,42,archive::zip,6,16,E,/42/grv.jpg
151,43,Inixia,3,16,E,/43/exh.jpg
171,49,Ultimate Fury,3,16,E,/49/exh.jpg
186,54,Asian Chip City,3,16,E,/54/exh.jpg
195,57,Oriental Blossom,3,16,E,/57/exh.jpg
207,61,eternita,3,16,E,/61/exh.jpg
233,69,In The Breeze,3,16,E,/69/exh.jpg
283,85,鬼KYOKAN(EXIT TUNES),3,16,E,/85/exh.jpg
310,94,Appliqué,3,16,E,/94/exh.jpg
376,114,EOS -INFINITE EDIT-,6,16,E,/114/grv.jpg
379,115,Engraved Mark,3,16,E,/115/exh.jpg
398,121,"Electric ""Sister"" Bitch",3,16,E,/121/exh.jpg
404,123,赤より紅い夢-Aya2g Tech Dance Remix-,3,16,E,/123/exh.jpg
414,126,8 -eight-,3,16,E,/126/exh.jpg
588,180,Grand Chariot,3,16,E,/180/exh.jpg
599,183,Get back here,3,16,E,/183/exh.jpg
609,186,GRISAILLE,3,16,E,/186/exh.jpg
612,187,幻想郷DEMPASTICグリーティング,3,16,E,/187/exh.jpg
615,188,GO BACK 2 YOUR RAVE,3,16,E,/188/exh.jpg
618,189,カタルシスの月,3,16,E,/189/exh.jpg
630,193,XROSS THE XOUL,3,16,E,/193/exh.jpg
644,197,「ここなつ☆」は夢のカタチ,3,16,E,/197/exh.jpg
656,201,Chloé,3,16,E,/201/exh.jpg
690,212,crêpe suzette,3,16,E,/212/exh.jpg
711,219,Cold Inflation,3,16,E,/219/exh.jpg
730,225,キモチコネクト,3,16,E,/225/exh.jpg
740,228,囲い無き世は一期の月影,3,16,E,/228/exh.jpg
762,235,キミヱゴサーチ,5,16,E,/235/inf.jpg
815,251,crazy cinema story,3,16,E,/251/exh.jpg
853,263,GEROL,3,16,E,/263/exh.jpg
886,274,過食性:アイドル症候群(EXIT TUNES),3,16,E,/274/exh.jpg
922,284,幻想のサテライト,3,16,E,/284/exh.jpg
1066,326,Solitude & Nightmare,3,16,E,/326/exh.jpg
1081,331,双星ルミネセンス,3,16,E,/331/exh.jpg
1105,339,しゅわスパ大作戦☆ (カシオれ！くーにゃんリミックス),3,16,E,/339/exh.jpg
1111,341,spectroscape,3,16,E,/341/exh.jpg
1129,347,ショットガン・ラヴァーズ(EXIT TUNES),3,16,E,/347/exh.jpg
1135,349,Shiawase Transmission,3,16,E,/349/exh.jpg
1138,350,双翼 - Black Wings - SDVX Edit. -,3,16,E,/350/exh.jpg
1144,352,Sourire,3,16,E,/352/exh.jpg
1187,366,Scarlet Moon,3,16,E,/366/exh.jpg
1202,371,Scream out! (SDVX EDIT),3,16,E,/371/exh.jpg
1205,372,瞬間ドリップ♪秘蜜のケーキセット,3,16,E,/372/exh.jpg
1241,384,The Sampling Paradise (N-Driver Style),3,16,E,/384/exh.jpg
1289,400,終点(EXIT TUNES),3,16,E,/400/exh.jpg
1304,405,Squeeze,3,16,E,/405/exh.jpg
1307,406,上海紅茶館 ～ Chinese Tea Orchid Remix,3,16,E,/406/exh.jpg
1346,418,少年は空を辿る Prog Piano Remix,3,16,E,/418/exh.jpg
1410,439,Strawberry Crisis,3,16,E,/439/exh.jpg
1519,471,TRICKL4SH 220,3,16,E,/471/exh.jpg
1544,478,Discover the Life,3,16,E,/478/exh.jpg
1556,482,Destroy,3,16,E,/482/exh.jpg
1566,485,Din Don Dan (Fusion Remix),3,16,E,/485/exh.jpg
1596,495,ちぇいす いん ざ さんしゃいん！！！,3,16,E,/495/exh.jpg
1614,501,Twin Blaster,3,16,E,/501/exh.jpg
1626,505,竹取飛翔 ～ Lunatic Princess (Ryu☆Remix),3,16,E,/505/exh.jpg
1644,511,ツーマンライブ,3,16,E,/511/exh.jpg
1657,515,TU-MA-MI△ALL-NIGHTER,3,16,E,/515/exh.jpg
1663,517,トリコロール・ダイアリー,3,16,E,/517/exh.jpg
1683,523,超爽快☆パッショネイト・フィーバー,3,16,E,/523/exh.jpg
1699,528,TrailBlazer,6,16,E,/528/grv.jpg
1720,535,トラウィスカルパンテクートリ,3,16,E,/535/exh.jpg
1726,537,Double Universe,3,16,E,/537/exh.jpg
1749,544,Cirno Break,3,16,E,/544/exh.jpg
1834,571,Tomorrow Perfume (C-Show Remix),3,16,E,/571/exh.jpg
1896,589,NECRO PARTY,3,16,E,/589/exh.jpg
1933,601,Never Regret Anything,3,16,E,/601/exh.jpg
1971,613,neu BSP style,3,16,E,/613/exh.jpg
1979,615,西日暮里の踊り,5,16,E,/615/inf.jpg
1991,618,fancy cake!!,4,16,E,/618/mxm.jpg
2015,624,Poppin' Shower,4,16,E,/624/mxm.jpg
2021,626,Phantom dinning tonight!,3,16,E,/626/exh.jpg
2046,634,花ノ下連歌,3,16,E,/634/exh.jpg
2083,647,"Help me, CODYYYYYY!!",6,16,E,/647/grv.jpg
2110,656,Beyond the Sandstorm,3,16,E,/656/exh.jpg
2191,682,Paranoia,3,16,E,/682/exh.jpg
2212,689,ポメグラネイト,3,16,E,/689/exh.jpg
2222,692,Violet Soul,3,16,E,/692/exh.jpg
2362,737,PUNISHER,3,16,E,/737/exh.jpg
2386,745,Playing With Fire,3,16,E,/745/exh.jpg
2434,761,Wheel,3,16,E,/761/exh.jpg
2473,773,Bad Apple!! feat. nomico,5,16,E,/773/inf.jpg
2512,784,バタフライキャット,5,16,E,/784/inf.jpg
2516,785,PULSE LASER,5,16,E,/785/inf.jpg
2585,807,Monkey Business(Band Edit.),3,16,E,/807/exh.jpg
2591,809,Milkyway - memorable -,3,16,E,/809/exh.jpg
2597,811,M.A.Y.U.(EXIT TUNES),3,16,E,/811/exh.jpg
2615,817,Mist Tek,3,16,E,/817/exh.jpg
2618,818,Monkey Business (lapix Remix),3,16,E,/818/exh.jpg
2628,821,Mami Mami Zone,3,16,E,/821/exh.jpg
2698,843,You Know-SDVX EDIT-,3,16,E,/843/exh.jpg
2704,845,闇夜舞踏会 -緋碧と蝶のためのmasquerade-,3,16,E,/845/exh.jpg
2707,846,Utopia,3,16,E,/846/exh.jpg
2757,862,ヤサイマシ☆ニンニクアブラオオメ,5,16,E,/862/inf.jpg
2788,871,Laughin' Muffin,3,16,E,/871/exh.jpg
2794,873,Lo-Fi-M,3,16,E,/873/exh.jpg
2803,876,Russet,3,16,E,/876/exh.jpg
2806,877,Renegade Fruits,3,16,E,/877/exh.jpg
2851,891,Liminality,3,16,E,/891/exh.jpg
2864,895,リズの内心革命(EXIT TUNES),5,16,E,/895/inf.jpg
2876,899,REVERSE LIMITED!(SDVX Edit),3,16,E,/899/exh.jpg
2940,919,rainbow flyer -gratitude remix-,3,16,E,/919/exh.jpg
2950,922,六兆年と一夜物語(EXIT TUNES),5,16,E,/922/inf.jpg
2980,931,One & Only,3,16,E,/931/exh.jpg
2983,932,Wuv U (Colorful QT3 nekomix),3,16,E,/932/exh.jpg
10,2,Immortal saga,3,16,S,/2/exh.jpg
1492,464,盗宝,4,16,N,/464/mxm.jpg
2529,789,Make Magic,3,16,N,/789/exh.jpg
257,77,妖隠し -あやかしかくし-,3,16,P,/77/exh.jpg
933,287,GAMBOL (dfk SLC rmx),5,16,P,/287/inf.jpg
1475,459,Xepher Light and Darkness Dragon REMIX,3,16,P,/459/exh.jpg
2129,662,星の器 feat. らっぷびと,3,16,P,/662/exh.jpg
2341,731,Profession,3,16,P,/731/exh.jpg
2389,746,#Fairy_dancing_in_lake,3,16,P,/746/exh.jpg
803,247,患部で止まってすぐ溶ける ～ 狂気の優曇華院,5,16,S,/247/inf.jpg
988,303,JULIAN,4,16,S,/303/mxm.jpg
1059,324,Celestial stinger,3,16,S,/324/exh.jpg
1917,596,夏色DIARY -Summer Dazzlin' Vacation miX-,3,16,S,/596/exh.jpg
3103,943,ΩVERSOUL,3,16,N,/943/exh.jpg
3106,945,Genesis At Oasis (Hirayasu Matsudo Remix),4,16,N,/945/mxm.jpg
3120,955,マトリョシカ,4,16,N,/955/mxm.jpg
,,,,,,
564,173,キュリオシティ,3,15,A,/173/exh.jpg
979,301,準備運動,3,15,A,/301/exh.jpg
1874,583,Noisy Minority,3,15,A,/583/exh.jpg
63,15,朧 (kamome sano remix),4,15,B,/15/mxm.jpg
1023,313,ジャンピン・スマイル,3,15,B,/313/exh.jpg
1584,491,地方創生☆チクワクティクス,3,15,B,/491/exh.jpg
2267,707,はわわｗ！な展開っ！,3,15,B,/707/exh.jpg
2772,866,LOVE EAST,4,15,B,/866/mxm.jpg
2900,906,Rings of Rainbow,3,15,B,/906/exh.jpg
189,55,About me(EXIT TUNES),3,15,C,/55/exh.jpg
248,74,ELECT(EXIT TUNES),3,15,C,/74/exh.jpg
327,99,御千手メディテーション,3,15,C,/99/exh.jpg
334,101,Wave of Craze,3,15,C,/101/exh.jpg
352,107,odds and ends,3,15,C,/107/exh.jpg
417,127,Over the Starlit sky,3,15,C,/127/exh.jpg
423,129,ウサテイ,3,15,C,/129/exh.jpg
441,135,Venona,3,15,C,/135/exh.jpg
560,172,ケムマキunderground,3,15,C,/172/exh.jpg
737,227,Go↓Go↑Girls&Boys!,3,15,C,/227/exh.jpg
783,241,Cleopatrysm,3,15,C,/241/exh.jpg
793,244,幻想系世界修復少女(EXIT TUNES),3,15,C,/244/exh.jpg
812,250,神となり彼が見た境界線,3,15,C,/250/exh.jpg
862,266,こちら、幸福安心委員会です。(EXIT TUNES),3,15,C,/266/exh.jpg
947,291,恋する☆宇宙戦争っ！！ あばばばみっくす,5,15,C,/291/inf.jpg
972,299,ごりらがいるんだ 〜かぼちゃが歌ってみたver〜,5,15,C,/299/inf.jpg
1044,320,StrayedCatz,3,15,C,/320/exh.jpg
1069,327,Smooth Wind,3,15,C,/327/exh.jpg
1160,357,citrus,3,15,C,/357/exh.jpg
1250,387,しんでしまうとはなさけない！(EXIT TUNES),3,15,C,/387/exh.jpg
1268,393,Strobe♡Girl,3,15,C,/393/exh.jpg
1274,395,SPARKING 2012,3,15,C,/395/exh.jpg
1277,396,ゼンマイ恋時計（T.E.B Summer Mix),3,15,C,/396/exh.jpg
1430,445,線香花火 SDVX edit,6,15,C,/445/grv.jpg
1563,484,弾幕注意報2014,3,15,C,/484/exh.jpg
1587,492,ダブルラリアット,3,15,C,/492/exh.jpg
1590,493,twilight signal,3,15,C,/493/exh.jpg
1605,498,ちくわパフェだよ☆ＣＫＰ,3,15,C,/498/exh.jpg
1677,521,ってゐ！ ～えいえんてゐVer～,5,15,C,/521/inf.jpg
1695,527,take a step forward,3,15,C,/527/exh.jpg
1743,542,Daily Lunch Special ～DeliciousREMIX～,3,15,C,/542/exh.jpg
1861,579,TYCOON,3,15,C,/579/exh.jpg
1886,586,ネコクマウササー,3,15,C,/586/exh.jpg
1911,594,Never Ending,3,15,C,/594/exh.jpg
1924,598,New Days,3,15,C,/598/exh.jpg
1939,603,NEXT BILLIONAIRE,3,15,C,/603/exh.jpg
2030,629,Fabula Nova,3,15,C,/629/exh.jpg
2058,638,ブチアゲドクター☆ハイテッコ三姉妹,3,15,C,/638/exh.jpg
2119,659,FAKE STYLE II,3,15,C,/659/exh.jpg
2125,661,HAELE III ‾Angel Worlds‾,3,15,C,/661/exh.jpg
2188,681,Poison Blood,3,15,C,/681/exh.jpg
2209,688,Hustle Beat!!,3,15,C,/688/exh.jpg
2240,698,Belly Flopper,3,15,C,/698/exh.jpg
2258,704,further the future,3,15,C,/704/exh.jpg
2280,711,ぼくらのタイムカプセル(EXIT TUNES),3,15,C,/711/exh.jpg
2286,713,Baby Sherry,3,15,C,/713/exh.jpg
2368,739,Paradoxy,3,15,C,/739/exh.jpg
2380,743,VERSUS!!,3,15,C,/743/exh.jpg
2546,794,Mermaid girl (Tropical Remix),3,15,C,/794/exh.jpg
2603,813,macaron,3,15,C,/813/exh.jpg
2646,827,魔法少女達の百年祭(masty core remix),3,15,C,/827/exh.jpg
2664,833,Mother Ship (C-YA MIX),3,15,C,/833/exh.jpg
2692,841,刃の如く ft. ネコメアリ,4,15,C,/841/mxm.jpg
2695,842,ゆうしゃのふゆやすみ,3,15,C,/842/exh.jpg
2735,855,やばいつよくてあたまいいあたいのうた,3,15,C,/855/exh.jpg
2842,888,Russian Caravan Rhapsody,3,15,C,/888/exh.jpg
2893,904,Last Battalion,3,15,C,/904/exh.jpg
2989,934,Wuv U -More2 HAPPY Re-Mix Special-,3,15,C,/934/exh.jpg
2995,936,ワヴル魔法図書館,3,15,C,/936/exh.jpg
22,5,Aragami,3,15,D,/5/exh.jpg
78,20,Issen,3,15,D,/20/exh.jpg
162,46,お嫁にしなさいっ！,3,15,D,/46/exh.jpg
254,76,ON FIRE,3,15,D,/76/exh.jpg
343,104,Unlimited Field,3,15,D,/104/exh.jpg
368,112,WAVE(EXIT TUNES),3,15,D,/112/exh.jpg
395,120,We Are The Scarlet (SDVX Edit),3,15,D,/120/exh.jpg
410,125,INFINITY OVERDRIVE,3,15,D,/125/exh.jpg
426,130,愛くるしフール -Not EASY!!-,3,15,D,/130/exh.jpg
432,132,Voice 2 Voice,3,15,D,/132/exh.jpg
487,150,仇返しシンドローム(EXIT TUNES),3,15,D,/150/exh.jpg
514,158,エスケープ・フロム・ディストピア(EXIT TUNES),3,15,D,/158/exh.jpg
717,221,Crazy ∞ nighT(EXIT TUNES),3,15,D,/221/exh.jpg
758,234,鎖の少女(EXIT TUNES),3,15,D,/234/exh.jpg
776,239,コミカルなミシャグジとラジエーション(PUNK IT ver.),3,15,D,/239/exh.jpg
790,243,幻想浄瑠璃-Aya2g Tech Dance Remix-,3,15,D,/243/exh.jpg
799,246,カレクレンマ,3,15,D,/246/exh.jpg
809,249,群青硝子のスピカ,3,15,D,/249/exh.jpg
890,275,ケッペキショウ(EXIT TUNES),3,15,D,/275/exh.jpg
925,285,Grip & Break down !! - SDVX Edit. -,3,15,D,/285/exh.jpg
1072,328,仙酌絶唱のファンタジア,3,15,D,/328/exh.jpg
1096,336,水月鏡花のコノテーション,3,15,D,/336/exh.jpg
1166,359,シャ ビ ドゥ 素敵な恋の魔法,3,15,D,/359/exh.jpg
1175,362,好きトキメキとキス,3,15,D,/362/exh.jpg
1229,380,The Wind of Gold -HΔPPY MIX-,3,15,D,/380/exh.jpg
1238,383,SkyDrive!,3,15,D,/383/exh.jpg
1253,388,白い雪のプリンセスは(EXIT TUNES),3,15,D,/388/exh.jpg
1298,403,侵蝕コード：666　-今日ちょっと指（略-,3,15,D,/403/exh.jpg
1334,414,曾根崎心中(EXIT TUNES),3,15,D,/414/exh.jpg
1350,419,獣性オーバーフロウ,3,15,D,/419/exh.jpg
1420,442,ずっとそばにいさせてよね！,3,15,D,/442/exh.jpg
1436,447,人生リセットボタン(EXIT TUNES),3,15,D,/447/exh.jpg
1660,516,月見夜ラビット(EXIT TUNES),3,15,D,/516/exh.jpg
1669,519,打打打打打打打打打打,3,15,D,/519/exh.jpg
1686,524,デッドボヲルdeホームラン,3,15,D,/524/exh.jpg
1723,536,- dirty rouge -,3,15,D,/536/exh.jpg
1797,560,Disagree Feelings,3,15,D,/560/exh.jpg
1838,572,月に叢雲華に風,5,15,D,/572/inf.jpg
1883,585,Nostalgia,4,15,D,/585/mxm.jpg
1930,600,ナイフ(EXIT TUNES),3,15,D,/600/exh.jpg
1951,607,Next infection,3,15,D,/607/exh.jpg
1960,610,ナイト・オブ・ナイツ,3,15,D,/610/exh.jpg
2089,649,Finally Dive,3,15,D,/649/exh.jpg
2092,650,VOLTEXES,3,15,D,/650/exh.jpg
2095,651,VOLTEXES II,3,15,D,/651/exh.jpg
2101,653,フラッター現象の顛末と単一指向性の感情論,3,15,D,/653/exh.jpg
2138,665,ハナビラ:リンクス,3,15,D,/665/exh.jpg
2158,671,Princessどうかお願い!!,3,15,D,/671/exh.jpg
2206,687,Prelude-Hereafter-,3,15,D,/687/exh.jpg
2261,705,Pristine Bigband,3,15,D,/705/exh.jpg
2271,708,僕は空気が嫁ない(EXIT TUNES),3,15,D,/708/exh.jpg
2295,716,冬に桜が咲くようなキセキ。,3,15,D,/716/exh.jpg
2313,722,Virtual Sunrise,3,15,D,/722/exh.jpg
2365,738,BUBBLE RAVER,3,15,D,/738/exh.jpg
2489,778,freaky freak,3,15,D,/778/exh.jpg
2549,795,Mind Mapping (hard liquid remix),3,15,D,/795/exh.jpg
2576,804,めうめうぺったんたん！！,3,15,D,/804/exh.jpg
2658,831,ませまてぃっく♥ま+ま=まじっく！,3,15,D,/831/exh.jpg
2677,837,物凄い勢いでけーねが物凄いうた,3,15,D,/837/exh.jpg
2701,844,-約束-,3,15,D,/844/exh.jpg
2778,868,Lonly Ranunculus,3,15,D,/868/exh.jpg
2800,875,恋繋エピローグ,3,15,D,/875/exh.jpg
2829,884,リカーシブ・ファンクション,3,15,D,/884/exh.jpg
2903,907,LEMON SUMMER,3,15,D,/907/exh.jpg
2912,910,Lieselotte,3,15,D,/910/exh.jpg
2974,929,凛として咲く花の如く スプーキィテルミィンミックス,5,15,D,/929/inf.jpg
260,78,朝色の紙飛行機(EXIT TUNES),3,15,E,/78/exh.jpg
457,140,アルストロメリア KURO-HACO Remix,3,15,E,/140/exh.jpg
481,148,Vindicator,3,15,E,/148/exh.jpg
490,151,Earthquake Super Shock - SDVX Edit. -,3,15,E,/151/exh.jpg
557,171,Evans VolteX Pf arrange,3,15,E,/171/exh.jpg
796,245,Get out of my sight,3,15,E,/245/exh.jpg
802,247,患部で止まってすぐ溶ける ～ 狂気の優曇華院,3,15,E,/247/exh.jpg
850,262,恋はどう？モロ◎波動OK☆方程式!!,3,15,E,/262/exh.jpg
903,279,ケロ⑨destiny,3,15,E,/279/exh.jpg
915,282,カミサマネジマキ(EXIT TUNES),3,15,E,/282/exh.jpg
946,291,恋する☆宇宙戦争っ！！ あばばばみっくす,3,15,E,/291/exh.jpg
1244,385,shiny rainbow flower,3,15,E,/385/exh.jpg
1380,429,Sakura Reflection (P*Light Slayer Remix),3,15,E,/429/exh.jpg
1383,430,She is my wife すーぱーアイドル☆ミツル子Remixちゃん,3,15,E,/430/exh.jpg
1445,450,セツナトリップ(EXIT TUNES),3,15,E,/450/exh.jpg
1541,477,Death Blossom,3,15,E,/477/exh.jpg
1680,522,竹取飛翔,3,15,E,/522/exh.jpg
1730,538,Dawn of Asia,3,15,E,/538/exh.jpg
1791,558,超恋愛☆エクストリーム・ガール,3,15,E,/558/exh.jpg
1841,573,taboo tears you up 2008,3,15,E,/573/exh.jpg
1851,576,Distorted Floor,3,15,E,/576/exh.jpg
1858,578,突撃!ガラスのニーソ姫! D.watt nu-denpa RMX,3,15,E,/578/exh.jpg
1964,611,ノイジーラバーソウル(EXIT TUNES),3,15,E,/611/exh.jpg
2018,625,ヒミツダイヤル,3,15,E,/625/exh.jpg
2249,701,Virtual Sunrise (xac remix),3,15,E,/701/exh.jpg
2466,771,Freeway Shuffle -More2 HAPPY Re-Mix-,3,15,E,/771/exh.jpg
2508,783,Ha･lle･lu･jah,5,15,E,/783/inf.jpg
2564,800,みくみくにしてあげる♪【してやんよ】,3,15,E,/800/exh.jpg
2622,819,ミライプリズム,5,15,E,/819/inf.jpg
2649,828,モモンが門番ばんっ☆,3,15,E,/828/exh.jpg
2670,835,MANDARA,3,15,E,/835/exh.jpg
2817,880,Le ××××,3,15,E,/880/exh.jpg
2882,901,LittleGameStar,3,15,E,/901/exh.jpg
2922,913,ルービックキューブ(EXIT TUNES),3,15,E,/913/exh.jpg
2992,935,wander+wonder+wand,3,15,E,/935/exh.jpg
55,13,Aurora(Latinized Style),4,15,N,/13/mxm.jpg
573,175,きゅん×きゅんばっきゅん☆LOVE,4,15,N,/175/mxm.jpg
1004,307,千本桜,4,15,N,/307/mxm.jpg
1507,468,Chocolate Planet,3,15,N,/468/exh.jpg
1512,469,Take to Lips,4,15,N,/469/mxm.jpg
1879,584,New Game feat.Mayumi Morinaga,4,15,N,/584/mxm.jpg
1985,617,HE4VEN ～天国へようこそ～,2,15,N,/617/adv.jpg
3100,942,iLLness LiLin,2,15,,/942/adv.jpg
3105,944,湖底遺跡のヴィダー・ハル,4,15,,/944/mxm.jpg
3110,948,SO FLY ME TO YOU,4,15,,/948/mxm.jpg
3113,950,ナナイロライト,4,15,,/950/mxm.jpg
3114,951,POLICY BREAK Medley from SOUND VOLTEX×jubeat,3,15,,/951/exh.jpg
3116,952,パンダヒーロー,4,15,,/952/mxm.jpg
3118,954,Boss Rush,3,15,,/954/exh.jpg
